date,true label,w(i-0),w(i-1),w(i-2),w(i-3),w(i-4),w(i-5),w(i-6),w(i-7),w(i-8),w(i-9),w(i-10),w(i-11),w(i-12),w(i-13),w(i-14),w(i-15),w(i-16),w(i-17),w(i-18),w(i-19),w(i-20),w(i-21),w(i-22),w(i-23),w(i-24),w(i-25),w(i-26),w(i-27),w(i-28),w(i-29),w(i-30),w(i-31),w(i-32),w(i-33),w(i-34),w(i-35),w(i-36),w(i-37),w(i-38),w(i-39),w(i-40),w(i-41),w(i-42),w(i-43),w(i-44),w(i-45),w(i-46),w(i-47),w(i-48),w(i-49),w(i-50),w(i-51),w(i-52),w(i-53),w(i-54),w(i-55),w(i-56),w(i-57),w(i-58),w(i-59),w(i-60),w(i-61),w(i-62),w(i-63),w(i-64),w(i-65),w(i-66),w(i-67),w(i-68),w(i-69),w(i-70),w(i-71),w(i-72),w(i-73),w(i-74),w(i-75),w(i-76),w(i-77),w(i-78),w(i-79),w(i-80),w(i-81),w(i-82),w(i-83),w(i-84),w(i-85),w(i-86),w(i-87),w(i-88),w(i-89),w(i-90),w(i-91),w(i-92),w(i-93),w(i-94),w(i-95),w(i-96),w(i-97),w(i-98),w(i-99),w(i-100),w(i-101),w(i-102),w(i-103),w(i-104),w(i-105),w(i-106),w(i-107),w(i-108),w(i-109),w(i-110),w(i-111),w(i-112),w(i-113),w(i-114),w(i-115),w(i-116),w(i-117),w(i-118),w(i-119),w(i-120),w(i-121),w(i-122),w(i-123),w(i-124),w(i-125),w(i-126),w(i-127),w(i-128),w(i-129),w(i-130),w(i-131),w(i-132),w(i-133),w(i-134),w(i-135),w(i-136),w(i-137),w(i-138),w(i-139),w(i-140),w(i-141),w(i-142),w(i-143),w(i-144),w(i-145),w(i-146),w(i-147),w(i-148),w(i-149),w(i-150)
150,3,7,4,6,4,9,2,8,4,3,6,3,1,5,5,6,5,2,3,4,4,8,3,5,3,10,1,0,4,4,0,7,1,0,2,2,5,3,0,10,1,1,6,0,5,8,7,8,4,2,6,0,8,8,0,9,8,10,0,0,3,5,8,8,1,9,1,8,2,10,10,9,6,3,7,7,4,0,6,0,1,1,6,6,7,3,0,2,0,10,6,2,0,8,0,5,6,10,7,7,6,8,7,0,6,1,10,2,3,2,0,8,9,10,7,9,4,10,1,3,8,5,4,2,4,10,7,7,6,10,9,8,7,0,4,2,3,6,4,1,1,5,1,3,5,4,0,2,3,2,1,0
151,6,0,7,4,4,4,1,6,8,4,3,6,3,6,5,5,6,3,3,3,4,4,3,3,5,3,4,6,0,4,4,0,7,1,0,6,7,5,3,4,10,1,1,6,0,5,7,7,9,4,9,6,0,8,8,0,9,8,4,0,0,10,5,5,8,1,9,1,6,6,8,8,9,4,9,7,7,4,7,6,0,1,1,6,6,7,3,0,9,0,10,6,9,0,8,0,6,6,1,7,7,6,7,7,0,6,6,10,6,3,9,0,8,9,10,7,9,4,8,6,3,8,5,4,6,4,8,7,7,6,8,10,8,7,0,4,6,3,6,4,1,1,5,1,3,5,7,0,6,8,6,6
152,6,3,0,7,4,6,4,1,5,2,4,3,6,3,1,5,5,6,3,3,3,4,7,10,3,5,10,4,1,0,4,0,0,7,1,0,2,2,10,3,0,4,1,1,2,0,5,7,7,9,4,9,6,0,2,2,0,9,10,7,0,0,3,5,5,2,1,9,1,2,2,10,10,9,7,10,7,7,4,7,6,0,1,1,6,6,7,3,0,9,0,10,6,7,0,2,6,2,6,3,7,7,6,7,7,0,6,1,3,2,3,9,0,2,9,10,7,9,4,10,1,3,3,5,4,2,4,10,7,7,6,10,10,10,7,0,4,2,3,6,4,1,1,5,1,10,5,7,5,2,3,2
153,0,4,10,0,0,4,0,4,1,6,6,4,3,6,6,6,5,5,6,3,6,3,0,3,8,10,5,3,10,6,0,6,0,0,7,1,0,6,8,5,3,0,10,1,6,6,1,5,8,7,8,0,6,6,1,8,8,1,1,8,3,0,0,10,5,5,8,1,6,1,8,10,10,10,0,4,3,7,0,4,6,6,0,1,0,6,6,6,10,0,8,0,3,6,3,0,8,0,6,6,10,7,7,6,8,6,0,7,6,10,6,10,3,0,8,0,10,0,1,4,10,6,3,8,5,4,6,4,6,7,7,0,6,5,8,6,0,4,6,10,6,4,1,6,5,1,3,5,6,0,6,10
154,10,7,5,10,0,7,10,0,10,1,6,6,5,3,5,10,5,5,5,6,3,6,3,0,5,8,10,5,3,10,5,0,6,0,9,7,9,0,6,8,6,3,0,10,1,7,6,1,5,7,7,9,0,9,6,0,8,9,9,9,8,3,0,0,10,5,5,8,9,0,1,9,6,10,10,0,5,3,7,7,0,7,6,0,1,1,6,6,7,10,9,8,0,3,6,3,0,8,0,6,6,10,7,7,9,7,7,0,6,6,10,6,10,3,0,8,9,10,7,1,1,10,6,3,5,5,5,6,7,5,7,7,6,6,5,8,7,0,5,6,10,6,10,1,6,5,1,3,5,7,0,6
155,9,8,7,4,3,0,7,4,4,4,1,6,8,4,3,4,3,5,5,5,6,3,3,3,4,7,8,3,5,9,10,5,0,6,4,0,7,1,0,6,8,5,3,0,10,1,9,6,0,5,8,7,8,4,9,6,0,8,8,1,1,8,10,0,0,10,5,5,8,1,9,1,8,6,10,10,1,4,9,7,7,4,7,6,0,1,1,6,6,7,3,0,9,0,5,6,9,0,8,0,6,6,10,7,7,3,8,7,0,6,6,10,6,3,9,0,8,1,10,7,1,4,10,6,3,8,5,4,6,4,10,7,7,6,9,5,8,7,0,4,6,3,4,4,1,9,5,1,3,5,7,5
156,0,9,10,7,4,3,0,7,4,4,4,1,6,8,4,3,4,3,9,5,5,6,3,9,3,4,5,8,3,5,8,10,9,0,6,4,0,7,9,0,6,8,5,3,0,10,1,9,6,0,5,8,7,9,4,9,6,0,8,8,9,9,8,10,0,0,10,5,5,8,9,4,3,8,6,10,10,0,4,3,7,7,4,1,6,0,10,0,6,6,7,3,0,8,0,9,6,1,0,8,0,6,6,10,7,7,9,8,1,0,6,6,10,6,3,8,0,8,9,10,7,1,4,10,6,3,3,5,4,6,4,10,7,7,6,9,9,8,7,0,4,6,3,4,4,10,9,5,10,3,5,8
157,9,8,9,10,7,4,3,0,7,4,4,4,1,2,8,4,3,4,2,9,5,5,6,3,2,3,4,5,8,3,5,3,10,9,0,6,4,0,7,1,0,6,1,5,3,0,10,1,2,6,0,5,8,7,8,4,2,6,0,8,8,1,1,8,7,0,0,10,5,5,8,8,4,1,8,6,6,9,1,4,3,7,7,4,7,6,0,1,1,6,6,7,3,0,2,0,9,6,7,0,8,6,2,6,1,7,7,6,8,7,0,6,2,10,2,3,3,0,8,6,10,7,1,4,10,2,3,8,5,4,2,4,9,7,7,6,9,9,8,7,0,4,2,3,4,4,1,2,5,1,3,5
158,5,6,8,9,9,7,4,3,0,7,4,4,4,1,2,8,4,3,4,2,9,5,5,6,3,2,3,4,5,8,3,5,3,10,9,0,6,4,0,7,1,0,6,1,5,3,0,10,1,2,6,0,5,8,7,8,4,2,1,0,8,8,1,1,8,10,0,0,10,5,5,8,8,4,1,8,6,10,10,1,4,3,7,7,4,1,6,0,1,1,6,6,7,3,0,1,0,5,6,1,0,8,0,2,6,10,7,7,6,8,1,0,6,2,10,6,3,1,0,8,1,10,7,1,4,10,2,3,8,5,4,6,4,10,7,7,6,2,5,8,7,0,4,2,3,4,4,1,2,5,1,3
159,4,4,6,8,1,9,7,4,3,0,0,4,4,4,9,5,8,4,3,4,3,9,5,5,6,3,3,3,4,5,3,3,5,3,10,1,0,6,0,0,7,1,0,6,7,5,3,0,10,1,1,6,0,5,8,7,9,4,9,6,0,8,8,10,9,8,10,0,0,10,5,5,8,1,4,1,8,8,10,10,9,4,9,7,0,4,0,6,0,1,1,6,6,7,3,0,9,0,5,6,9,0,8,0,6,6,10,7,7,3,8,9,0,6,1,10,6,3,9,0,8,9,10,7,9,4,10,1,3,8,5,4,6,4,10,7,7,6,8,5,8,7,0,4,8,3,4,4,1,1,5,1
160,4,1,4,6,8,5,3,7,5,3,4,7,4,10,4,1,2,8,4,3,5,2,5,5,1,6,3,2,3,10,7,7,3,5,9,10,5,8,6,7,1,7,1,10,6,7,11,3,10,10,4,5,6,1,5,7,7,9,10,9,6,1,8,8,1,1,7,10,8,8,3,7,7,7,8,9,3,8,6,10,3,9,2,9,7,7,4,8,6,8,1,4,6,6,7,3,1,9,10,10,6,9,9,7,6,6,6,3,7,7,3,7,7,10,6,2,3,6,3,9,5,8,9,10,7,9,4,10,6,3,3,5,4,6,4,5,7,7,6,9,3,8,7,10,4,2,3,6,4,1,2,5
161,6,12,1,4,6,10,5,10,7,4,10,0,7,4,0,4,9,6,8,4,5,12,3,5,5,5,12,3,3,3,0,7,3,3,5,3,10,7,1,4,0,12,7,1,0,6,1,12,9,0,7,4,5,6,3,4,8,7,9,0,9,6,1,12,12,1,1,8,9,0,5,10,8,7,8,1,12,10,12,10,10,10,9,6,9,7,7,4,5,6,0,1,4,6,6,7,5,1,9,0,9,6,9,0,8,0,6,6,10,7,7,3,8,9,0,6,6,10,6,3,9,5,8,13,10,7,9,4,10,6,3,8,5,4,6,4,10,7,7,6,8,10,8,7,0,4,6,10,12,4,1,6
162,6,3,12,1,4,6,10,9,12,7,4,10,0,3,4,0,4,1,6,10,4,3,12,10,5,5,9,12,5,6,3,0,9,8,8,5,9,10,12,5,4,4,12,7,1,0,6,7,12,3,0,3,1,5,6,1,4,8,7,1,0,5,6,1,12,12,5,1,8,9,0,5,10,8,3,8,1,12,3,12,10,10,10,0,6,9,7,3,4,5,6,0,1,0,6,6,8,3,1,9,0,9,6,9,0,8,0,6,6,10,7,7,5,8,9,0,6,6,10,6,8,9,0,8,0,10,7,1,4,10,6,8,3,5,4,6,4,10,7,7,6,10,10,8,7,0,4,6,10,12,4,3
163,5,1,3,12,1,4,6,10,0,10,7,1,10,4,7,4,4,4,1,10,10,4,3,6,10,5,5,1,12,3,1,3,4,9,1,3,5,9,10,7,5,12,7,12,7,1,1,6,12,12,3,4,5,4,5,6,1,4,7,7,1,4,9,0,1,12,12,5,1,12,9,0,5,10,7,7,8,1,9,3,12,10,0,10,0,6,9,7,7,4,5,6,7,1,4,6,6,7,3,1,9,0,9,6,9,0,8,0,0,6,10,7,7,3,8,7,0,6,0,3,6,3,9,0,8,0,1,7,7,4,1,0,3,10,5,4,6,4,8,7,7,0,9,10,8,7,1,4,9,10,6,4
164,3,9,0,3,12,9,6,9,10,5,3,7,7,10,0,7,4,0,9,9,10,10,4,3,6,10,5,5,9,12,3,10,3,0,9,12,3,12,8,10,5,8,7,7,7,7,7,0,12,12,12,3,0,5,4,5,10,4,4,7,7,9,0,5,0,0,12,12,5,9,12,9,0,5,3,7,7,12,8,8,3,12,10,0,8,9,6,9,7,7,7,5,6,7,3,0,6,10,7,3,7,9,0,9,6,9,0,8,0,10,6,10,7,7,3,12,9,0,7,10,3,10,3,9,0,8,0,10,7,9,4,12,0,3,10,5,4,6,4,8,7,7,0,8,3,8,7,0,4,10,10,6
165,1,10,0,0,5,12,1,4,6,10,5,5,7,4,10,0,7,4,0,12,1,10,10,4,5,3,10,3,5,14,12,3,10,3,0,3,12,10,12,3,10,10,1,4,4,1,7,1,0,12,12,12,5,0,10,14,5,6,1,4,8,7,8,0,5,0,1,12,8,1,1,12,3,0,5,5,8,5,8,1,0,1,12,6,0,10,0,6,3,7,7,4,5,6,1,1,0,6,6,7,5,1,0,0,10,6,3,0,8,0,6,6,10,7,7,10,12,3,0,6,6,10,6,10,3,5,8,0,10,7,10,4,10,6,3,10,5,4,6,4,10,7,7,6,10,10,8,7,0,4,6,10
166,3,3,3,9,0,3,8,9,3,9,10,5,5,7,7,10,0,7,3,0,9,9,10,10,3,3,5,10,5,5,3,6,3,8,3,0,7,8,8,5,3,10,5,0,7,7,7,7,7,0,6,7,10,3,0,3,3,5,6,9,5,8,7,8,0,5,6,0,8,8,5,7,10,3,0,5,5,5,7,8,8,0,3,3,6,6,10,9,3,3,7,3,7,5,6,7,3,9,6,6,3,3,7,9,0,10,6,9,0,8,0,6,6,10,7,7,8,8,9,0,6,6,10,6,8,3,5,8,6,10,7,9,9,10,6,8,10,5,3,6,10,5,7,7,6,10,10,8,7,0,3,10
167,7,0,14,10,9,0,14,8,9,4,9,10,5,5,7,4,10,4,7,4,0,9,9,10,10,4,3,5,10,5,5,14,6,3,8,3,4,4,0,8,5,3,10,5,0,6,4,0,7,8,0,10,7,10,3,0,10,14,5,6,0,4,7,7,8,4,5,6,0,8,8,5,8,10,3,0,5,5,10,7,8,8,4,14,10,6,6,10,9,14,10,4,14,4,5,6,0,0,4,6,6,7,3,0,9,0,10,6,9,0,7,6,6,6,10,7,7,8,7,9,0,6,6,9,6,8,9,5,8,6,10,7,10,4,10,6,3,10,5,4,6,4,10,7,7,6,10,10,8,7,0,4
168,9,5,0,1,10,9,1,7,12,9,0,9,12,5,5,7,5,12,0,7,4,0,10,9,12,12,7,3,5,10,5,5,1,12,3,3,3,0,7,1,3,5,3,10,5,8,7,7,7,7,9,0,12,12,10,3,0,10,4,5,6,1,4,7,7,9,0,5,6,1,12,8,1,9,12,3,0,5,5,7,7,8,8,8,1,12,6,6,10,9,1,9,7,1,7,5,6,1,1,0,6,6,7,3,1,9,0,10,6,9,0,8,0,6,6,10,7,7,3,12,9,0,6,6,10,6,3,9,5,8,6,10,7,9,4,12,6,3,12,5,0,6,7,10,7,7,6,10,10,8,7,0
169,8,1,5,0,1,10,9,1,7,12,9,0,9,12,5,5,7,5,12,0,7,0,0,9,9,12,12,0,3,5,12,5,5,1,6,3,3,3,0,7,1,3,5,3,10,5,8,6,0,7,7,9,0,12,12,10,3,0,10,1,5,6,1,4,7,7,9,0,5,6,1,12,12,1,9,12,3,0,5,5,7,7,12,8,8,1,12,6,6,10,9,9,9,0,1,0,5,6,1,1,0,6,6,7,3,1,9,0,10,6,9,0,12,6,6,6,10,7,7,3,12,9,0,6,6,9,6,3,9,5,12,7,10,7,10,0,10,6,3,12,5,0,6,7,10,7,7,6,10,15,12,7
170,8,8,5,5,0,1,12,9,1,5,12,9,0,9,8,5,8,7,5,8,0,3,0,0,12,9,8,8,5,3,5,8,5,5,1,12,3,3,3,0,7,1,3,12,3,10,5,5,6,0,12,7,8,0,12,12,12,3,0,10,5,5,6,1,5,8,7,9,0,9,6,1,8,8,1,9,8,3,0,5,8,8,3,8,8,8,1,12,8,10,5,9,6,9,0,1,0,5,6,1,1,0,6,6,7,3,1,9,0,10,6,9,0,8,6,6,6,10,7,7,3,12,9,0,6,6,6,6,3,9,5,8,7,10,7,9,0,10,6,3,8,5,0,6,7,5,7,7,6,8,5,8
171,16,17,17,14,5,0,14,10,9,1,14,8,9,10,9,0,5,5,7,5,3,0,3,8,1,9,9,3,8,5,3,5,3,5,5,14,6,3,6,3,10,7,1,3,5,17,10,5,0,0,0,0,7,17,1,6,7,10,3,0,10,14,5,6,1,17,8,7,9,10,5,10,1,8,8,10,9,8,3,0,0,5,17,3,8,8,17,14,8,10,10,10,9,6,9,7,1,0,0,6,0,1,0,6,6,7,3,0,9,0,10,6,9,0,8,6,6,6,10,7,7,6,8,9,10,6,6,6,6,1,9,5,0,10,10,7,10,9,10,6,3,3,5,0,6,7,10,7,7,6,10,10
172,6,18,17,17,1,5,0,1,12,9,0,17,8,9,0,9,8,5,5,7,4,3,0,3,4,0,9,9,3,8,4,3,5,3,5,5,1,6,5,6,3,0,4,1,12,5,17,10,5,17,4,4,12,7,17,0,6,7,12,3,0,10,17,5,6,1,4,4,7,9,0,5,6,0,8,8,12,9,8,3,0,5,5,8,3,8,8,17,1,8,8,10,17,9,6,9,4,1,4,5,6,1,1,0,6,6,4,3,1,9,0,10,6,9,0,8,0,6,6,12,7,7,12,8,9,0,6,6,9,6,1,9,5,8,0,10,4,9,4,10,6,3,3,5,0,6,7,10,7,7,6,8
173,8,7,18,6,6,1,5,0,1,3,9,1,10,8,9,10,9,0,5,5,7,4,3,0,3,4,1,9,9,6,0,4,3,5,3,5,5,1,6,3,6,3,10,4,1,3,5,1,10,5,0,4,4,0,7,9,1,6,7,8,3,1,10,10,5,6,1,4,4,7,9,10,5,6,1,8,8,10,9,8,1,0,0,5,8,3,8,0,6,1,8,6,10,10,9,6,9,4,1,4,0,6,0,1,10,6,6,4,3,0,9,0,10,6,9,0,8,6,6,6,10,7,7,3,8,9,10,6,6,9,6,1,9,5,0,10,10,4,10,4,10,6,3,3,5,4,6,7,10,7,7,6
174,3,1,7,18,6,6,14,5,0,14,3,9,0,14,12,1,4,9,12,5,5,7,4,12,0,3,9,0,9,9,12,12,4,3,5,3,5,5,14,12,5,6,3,0,8,11,3,5,14,10,5,1,4,4,3,7,1,0,12,12,11,3,0,14,14,5,12,9,4,8,7,1,0,5,0,7,12,12,10,1,12,10,0,5,5,8,3,12,1,4,14,12,12,0,10,8,6,8,4,11,4,5,9,4,14,0,9,12,8,3,1,8,0,10,6,9,0,8,0,6,6,10,7,7,1,6,9,0,6,6,9,6,3,8,5,8,8,10,4,10,4,10,6,8,12,5,4,6,7,10,7,7
175,9,3,1,7,18,17,17,17,5,0,1,3,9,1,17,12,1,0,9,12,5,5,7,5,12,0,3,12,0,9,9,6,12,0,3,5,3,5,5,1,9,5,6,3,0,8,1,3,5,17,10,5,17,6,0,1,7,1,0,9,9,17,3,0,10,17,5,6,7,17,8,7,1,0,5,6,7,12,12,1,1,12,3,0,5,5,8,3,6,1,17,1,12,6,10,17,8,1,8,0,1,0,5,9,0,1,0,9,6,8,3,1,8,0,10,6,9,0,8,6,6,6,3,7,7,3,12,9,0,6,6,9,6,3,8,5,8,8,10,10,10,0,10,6,8,12,5,0,6,7,10,7
176,1,7,10,1,0,18,6,6,6,8,0,1,10,9,0,1,12,9,10,9,8,4,7,7,4,3,0,7,3,0,9,9,6,8,4,3,4,3,8,12,7,6,3,6,3,0,7,1,3,12,1,10,4,8,4,4,7,7,4,0,6,1,12,3,0,10,12,12,6,0,4,7,10,9,0,12,6,0,6,8,1,9,12,3,0,8,8,7,7,6,1,4,1,12,6,6,4,9,6,9,4,1,4,8,6,1,1,0,6,6,7,3,1,9,0,10,6,9,0,7,0,6,6,10,7,7,3,12,9,0,6,6,9,6,3,9,0,8,7,10,7,9,4,6,6,3,8,4,4,6,7,10
177,10,1,3,12,1,1,18,17,17,1,5,0,1,12,9,1,1,12,9,4,9,12,5,7,7,5,12,0,10,4,0,9,9,12,12,4,10,5,1,5,5,7,6,5,3,10,0,3,1,3,5,17,10,5,17,6,4,12,7,17,1,12,12,12,10,0,10,17,5,6,1,17,6,4,9,0,5,0,1,12,12,12,9,12,10,0,5,5,17,10,12,1,17,1,12,12,0,17,9,6,9,4,1,4,5,6,1,1,0,6,6,6,7,1,9,0,10,6,9,0,12,0,6,6,12,7,7,3,12,9,0,7,6,9,6,1,9,5,12,6,10,4,9,4,10,6,3,12,5,4,6,7
178,5,9,1,8,10,1,1,9,17,17,6,5,0,6,10,9,1,17,8,1,10,9,0,5,7,7,5,6,0,10,9,0,9,9,6,6,5,10,5,1,5,5,7,6,5,6,10,0,8,1,7,5,17,10,5,17,6,0,10,7,1,1,6,8,8,10,0,10,17,5,6,1,17,8,10,1,0,5,6,1,6,8,10,1,8,10,0,5,5,8,10,6,1,17,1,8,6,6,17,8,6,8,0,10,0,5,6,0,1,0,6,6,8,7,1,8,0,10,6,9,0,8,0,6,6,10,7,7,1,8,9,0,7,6,9,6,1,8,5,8,8,10,10,10,9,6,6,8,10,5,0,6
179,1,12,12,1,7,12,1,1,9,17,17,0,5,0,1,12,9,1,10,12,1,4,9,12,17,7,7,4,12,0,7,4,3,9,9,12,12,4,3,9,12,5,5,7,9,3,6,3,10,7,1,3,5,17,10,5,17,4,4,0,7,17,1,12,12,12,3,3,10,0,5,6,1,17,7,4,1,10,5,1,1,12,12,1,1,12,3,0,5,5,7,7,12,1,17,1,12,12,10,17,0,6,9,4,1,4,5,9,1,1,0,9,6,7,3,1,9,0,10,6,9,0,12,0,6,6,12,7,7,1,12,9,10,7,6,9,6,3,3,5,12,0,10,4,0,4,10,6,3,12,5,3
180,10,9,7,8,9,3,12,1,0,18,6,6,14,8,0,9,12,9,0,3,12,1,12,9,8,6,6,7,4,10,0,10,4,0,12,1,6,8,4,10,5,3,5,8,7,6,10,3,10,0,4,3,7,8,6,10,5,6,4,4,12,7,1,0,6,12,12,10,0,10,14,8,6,3,5,4,4,9,0,5,6,0,6,8,5,1,8,10,0,8,8,8,10,6,1,8,9,12,6,6,5,8,9,9,4,9,4,8,6,1,1,0,6,6,4,7,1,8,0,5,6,9,0,8,0,6,6,5,7,7,3,12,9,0,6,6,5,6,3,8,0,8,8,10,4,5,4,6,6,3,10,5
181,10,1,1,12,12,1,1,10,1,0,9,17,17,14,5,0,1,10,9,0,1,12,1,10,9,12,17,17,7,4,12,0,4,9,0,9,9,6,12,4,3,5,7,5,5,1,6,5,1,3,0,4,1,7,12,17,10,5,17,4,4,4,7,1,0,12,12,11,3,0,10,14,5,6,7,4,4,10,1,0,5,6,0,12,12,10,1,12,3,0,5,5,4,4,12,1,17,1,12,12,10,10,9,1,9,4,1,4,5,6,4,1,0,6,6,4,3,1,9,0,10,6,9,0,12,0,6,6,10,7,7,1,12,5,0,6,6,9,6,3,9,0,12,9,10,4,10,9,10,6,1,12
182,17,4,6,9,12,10,9,3,10,1,0,18,17,17,14,14,0,9,10,9,0,14,12,1,10,9,10,17,7,7,4,10,0,10,12,0,3,9,6,10,4,10,4,10,4,12,7,6,10,3,10,0,8,12,7,12,7,10,4,17,6,4,10,7,17,0,6,12,12,10,0,14,14,12,6,0,4,8,10,9,0,8,6,0,6,12,10,1,10,10,0,14,10,8,10,12,1,17,14,12,6,6,4,8,9,9,7,9,4,14,6,17,17,0,6,6,8,7,1,8,0,10,8,9,0,8,0,17,6,10,7,7,3,12,9,0,7,17,3,6,0,8,0,8,8,10,4,10,4,6,17,8
183,4,6,4,6,9,12,12,1,8,10,0,1,9,17,17,14,14,0,9,10,9,1,17,12,1,10,9,12,17,7,7,4,12,1,10,12,1,9,9,6,12,4,10,4,1,4,14,7,6,10,17,10,0,8,1,7,12,17,10,4,17,6,4,10,7,17,1,6,12,12,10,1,17,14,14,6,1,4,8,10,1,0,8,6,1,12,12,10,1,12,10,0,14,14,8,10,12,0,8,14,12,6,6,4,8,9,8,7,9,4,14,6,1,1,0,6,6,8,7,1,8,0,10,17,9,0,8,0,0,6,10,7,7,1,12,9,0,7,0,9,6,1,8,0,8,8,10,4,10,4,6,0
184,1,14,6,4,1,1,7,10,0,10,12,1,0,9,17,17,14,14,0,1,12,9,0,14,12,1,4,9,10,17,10,7,4,10,0,10,4,0,9,9,6,10,4,10,4,10,4,12,1,6,10,1,10,0,8,1,7,12,17,10,4,1,6,4,10,7,1,0,6,12,12,10,0,14,14,12,6,0,17,8,4,1,0,8,6,0,6,10,1,1,10,10,0,14,10,8,10,6,1,8,14,12,6,6,4,8,1,8,7,1,4,14,6,1,1,14,6,6,8,7,1,8,0,10,8,9,0,8,0,10,6,10,7,7,1,12,9,0,7,1,9,6,0,8,0,8,8,10,4,14,4,6
185,1,6,10,6,5,7,10,12,12,1,8,17,7,1,18,17,17,14,0,0,10,17,9,1,7,12,9,17,9,0,18,0,7,4,1,0,10,9,1,9,9,6,12,4,10,5,1,5,12,7,12,10,7,10,10,8,1,7,12,17,10,5,17,4,4,10,7,4,1,12,12,12,10,1,10,10,12,6,1,5,8,17,9,10,8,6,1,12,12,5,4,12,10,0,0,0,8,10,6,7,8,14,12,6,6,5,8,9,8,4,9,4,0,6,4,1,10,6,6,8,7,4,8,0,10,17,9,0,8,6,6,6,5,7,7,5,12,9,10,6,6,5,6,1,8,0,8,8,10,4,5,9
186,8,6,0,10,10,5,6,5,7,8,0,5,12,10,0,18,17,17,10,8,0,10,12,9,0,10,12,1,12,9,0,17,8,7,4,0,0,4,12,0,9,9,6,0,4,10,5,0,8,5,5,6,8,5,8,10,8,9,7,5,17,10,4,17,6,4,12,7,17,0,6,6,7,8,0,10,10,5,6,0,17,4,12,9,10,8,6,0,6,8,5,1,0,8,0,5,8,17,4,6,1,8,8,12,6,10,5,8,9,8,4,9,4,8,6,4,5,10,6,6,4,5,1,8,0,7,17,9,0,8,0,5,6,5,7,7,5,17,9,10,17,5,5,6,0,8,0,8,10,7,4,5
187,3,3,9,0,10,0,10,1,6,7,12,1,1,10,1,0,9,17,17,14,14,0,6,10,9,0,17,12,1,10,9,12,18,10,7,4,12,0,4,9,0,9,9,12,12,4,10,10,3,14,14,6,12,14,17,10,0,8,3,7,12,17,10,4,1,4,4,10,7,1,0,12,12,7,10,0,10,14,14,6,3,17,4,10,1,0,8,0,1,12,12,1,1,12,10,0,14,14,17,4,12,1,8,1,12,12,0,10,8,6,8,4,6,4,14,9,1,1,0,6,6,4,7,1,8,0,10,17,9,0,8,0,6,17,10,7,7,3,17,9,0,17,6,9,17,3,8,0,8,8,10,4
188,14,9,3,6,10,10,10,12,6,9,12,12,0,3,12,10,0,18,3,4,3,14,0,1,12,9,10,3,12,1,12,9,12,18,14,7,4,12,0,7,3,10,9,9,12,12,4,10,12,12,12,14,7,6,12,3,12,10,9,1,12,7,3,10,14,4,4,4,12,7,4,0,6,6,11,3,10,14,14,14,6,0,4,12,3,9,10,14,10,0,12,12,12,9,12,3,0,14,14,9,14,12,1,4,1,12,12,10,4,9,1,9,4,1,4,14,6,4,1,10,6,6,7,7,4,9,0,7,6,9,0,12,10,7,6,12,7,7,12,1,7,10,6,1,9,6,3,9,0,12,10,7
189,4,4,17,3,6,0,14,0,10,6,9,12,12,1,1,10,1,0,18,17,17,14,14,0,1,10,9,0,17,12,1,10,9,12,18,7,7,4,12,0,7,4,0,9,9,12,12,4,10,10,3,10,14,7,6,9,17,10,0,9,3,10,7,17,4,14,1,4,4,10,7,1,0,6,12,11,10,0,14,14,14,6,3,17,4,10,9,0,14,0,1,12,12,1,1,12,11,0,14,14,17,14,12,1,4,14,12,12,0,17,9,1,9,4,1,4,14,6,1,1,0,6,6,7,10,1,9,0,7,6,9,0,12,0,7,6,10,7,7,3,1,9,0,6,1,9,6,3,9,0,12,0
190,10,4,4,9,3,6,0,14,10,10,6,9,7,12,1,10,10,10,0,18,3,4,14,14,0,1,10,9,0,14,10,10,10,9,12,3,14,7,4,12,0,7,3,0,9,9,12,12,4,10,5,12,5,14,1,6,5,3,10,10,9,1,10,6,3,10,14,4,4,4,10,7,4,0,6,6,10,3,0,14,14,14,6,3,14,12,10,9,0,14,10,0,10,14,5,9,12,3,0,14,14,9,14,10,10,4,1,10,10,10,4,9,1,9,4,1,4,14,6,4,1,0,6,6,7,10,4,9,0,3,6,9,0,12,0,1,6,10,7,7,5,12,7,0,7,1,9,6,3,9,0,12
191,14,4,4,3,9,10,6,10,10,10,10,6,9,7,6,0,17,10,10,10,3,17,4,3,14,0,1,10,9,10,17,10,17,10,9,0,4,7,7,4,0,0,7,3,10,9,9,6,0,4,10,10,0,10,14,1,6,14,17,10,10,9,1,10,7,17,3,14,14,4,4,10,7,9,0,6,6,11,3,0,14,4,14,6,0,17,4,10,9,10,14,10,0,6,6,10,9,0,3,0,14,14,9,14,6,1,4,1,10,6,10,4,9,1,9,4,1,4,14,6,4,1,10,6,6,4,10,0,9,0,7,6,9,0,7,10,1,6,10,7,7,10,11,9,10,6,1,9,6,0,9,10
192,9,14,1,1,4,9,1,6,0,14,1,10,6,9,7,12,1,1,10,0,1,14,17,17,0,14,0,0,10,9,1,17,12,1,10,9,12,17,7,7,4,12,1,10,4,1,4,9,12,12,4,10,10,12,1,14,7,6,9,1,10,0,9,1,1,7,17,14,14,17,1,1,10,7,1,1,6,12,7,14,1,14,1,14,6,1,17,1,10,1,0,14,1,1,12,12,1,1,12,1,0,14,14,9,14,12,1,17,14,12,12,0,17,9,4,9,1,1,4,14,6,1,1,0,6,6,1,10,1,9,0,7,6,9,0,12,0,0,6,10,7,7,1,12,9,0,6,0,9,6,1,9
193,3,7,14,9,7,4,17,3,1,0,14,6,10,6,1,7,5,1,7,10,1,0,14,17,4,1,14,0,1,10,9,3,17,10,1,10,1,0,17,7,7,4,5,0,7,10,0,9,9,6,0,10,10,10,3,10,14,7,6,5,17,10,6,7,7,5,14,7,6,14,4,4,4,10,7,4,0,6,6,9,14,0,14,1,14,6,3,17,7,10,9,0,14,6,0,6,6,5,1,0,9,0,14,14,17,7,6,1,4,1,10,6,6,4,0,9,9,7,9,4,14,6,4,1,0,6,6,9,10,4,9,0,3,6,9,0,7,0,1,6,10,7,7,5,11,9,0,6,1,9,6,7
194,17,4,0,14,17,4,4,9,7,6,0,14,0,10,6,9,7,12,17,17,10,1,0,14,17,4,7,14,0,1,10,9,0,17,10,17,10,9,12,18,12,7,4,12,0,4,10,0,9,9,12,12,10,10,10,12,10,14,1,6,9,17,10,0,9,1,10,14,17,14,14,4,4,4,10,7,4,0,6,6,11,14,0,14,17,14,6,7,17,12,10,9,0,14,0,17,12,12,17,9,12,17,0,14,14,9,14,12,1,4,1,10,12,0,17,17,1,9,7,1,4,14,6,4,1,0,6,6,17,10,4,9,0,7,6,9,0,12,0,1,6,10,7,7,17,11,17,0,6,1,9,6
195,4,4,4,10,5,4,10,4,17,10,9,10,10,10,10,6,9,12,12,0,7,10,1,0,5,4,4,1,5,0,1,10,9,10,1,12,5,10,9,12,17,12,7,5,12,0,10,4,10,9,9,12,12,4,10,5,10,5,5,7,6,5,5,10,10,10,12,10,5,4,10,5,4,4,4,10,7,9,0,12,12,6,10,10,1,1,5,6,7,17,17,10,9,10,5,10,0,12,12,5,9,12,4,0,5,5,17,10,12,1,4,1,12,12,10,4,1,9,9,7,4,4,5,6,4,1,1,6,6,1,4,4,9,0,7,6,9,0,12,10,1,6,10,7,7,5,12,4,10,7,1,9
196,12,3,8,4,0,5,3,4,3,17,0,9,0,3,0,10,1,9,12,12,9,7,10,1,0,5,17,4,5,5,0,9,10,9,0,1,12,1,10,9,12,18,12,7,5,12,0,10,3,0,5,9,12,12,10,10,10,10,10,5,7,12,5,17,10,0,0,0,10,5,3,3,5,4,4,4,10,7,4,0,12,12,5,3,0,4,4,5,17,0,17,17,7,1,0,3,0,0,12,12,10,1,12,3,0,4,5,17,8,12,1,8,9,12,12,0,3,0,9,9,7,9,4,4,0,4,0,0,9,12,4,10,4,9,0,7,17,9,0,12,0,5,17,10,7,7,1,17,9,0,17,17
197,4,4,4,4,4,10,14,4,4,4,17,10,9,10,14,10,10,6,9,7,12,0,0,10,10,10,14,17,4,14,14,0,14,10,9,10,14,12,0,10,9,12,18,12,7,4,12,0,10,4,10,4,9,12,12,4,10,10,12,10,14,17,6,0,17,10,10,17,12,10,14,14,4,14,4,4,4,10,7,9,0,6,12,12,14,10,14,14,14,6,0,17,12,10,9,10,14,10,0,12,12,10,9,12,14,0,14,14,17,14,12,4,4,14,12,12,10,14,0,9,9,7,4,4,14,6,4,14,10,6,6,14,10,4,9,0,7,6,9,0,12,10,0,6,10,7,7,10,12,0,10,7
198,5,5,5,3,4,12,1,5,4,10,3,17,3,9,0,5,1,5,6,9,12,12,1,7,10,1,0,5,10,4,1,5,0,1,10,9,0,5,12,1,10,9,12,18,12,7,5,12,0,10,3,0,9,9,12,12,3,10,5,3,5,5,7,6,5,5,10,0,17,3,5,5,3,3,5,4,4,4,10,7,9,0,12,12,6,10,0,1,1,5,6,3,5,10,10,9,0,5,1,0,12,12,5,9,12,10,0,5,5,17,10,12,1,4,1,12,12,1,5,0,9,9,4,4,4,5,6,4,1,0,6,6,1,7,4,9,0,7,6,9,0,10,0,1,6,5,7,7,1,12,4,0
199,0,10,14,19,4,0,4,10,14,17,10,4,17,5,10,10,14,10,5,5,9,12,12,9,7,10,10,10,14,17,17,14,14,14,10,12,9,10,10,12,9,10,9,12,10,10,7,4,12,0,10,4,10,9,9,12,12,4,10,10,12,5,14,7,10,14,5,10,10,17,9,5,14,17,10,14,0,4,4,12,7,9,0,9,9,12,10,0,9,17,14,10,9,17,17,12,9,10,14,10,0,10,10,5,9,12,10,17,14,14,17,10,10,10,0,9,12,10,10,10,17,9,9,0,9,4,14,9,0,9,10,10,7,17,10,0,9,12,10,17,9,17,10,10,7,17,5,7,7,5,12,17
200,4,1,0,14,4,1,4,4,0,14,4,10,4,17,0,10,0,14,0,10,6,9,4,12,0,7,10,1,0,14,17,4,14,14,0,1,10,9,0,1,12,1,10,9,0,10,10,7,14,0,0,10,12,0,9,9,12,0,4,10,10,0,10,14,7,6,9,17,10,0,17,1,10,14,1,12,14,4,4,4,10,7,1,0,6,1,6,10,0,14,4,14,10,0,17,17,7,9,0,14,0,0,12,12,10,1,0,10,0,14,14,17,10,12,1,4,1,12,12,0,4,9,9,9,4,9,4,14,6,4,1,0,6,6,4,4,1,9,0,10,6,9,0,10,0,7,6,10,7,7,10,12
201,4,0,10,10,14,19,4,0,4,10,14,3,4,4,17,5,10,10,10,10,6,6,9,12,5,0,7,10,10,9,14,17,4,1,14,0,1,10,9,10,5,12,9,10,9,12,10,10,7,4,12,0,10,3,10,9,9,12,12,4,10,10,5,3,14,7,6,0,5,10,10,17,12,5,14,3,10,10,0,4,4,10,7,4,0,12,12,6,10,10,1,1,14,10,9,17,17,10,9,10,14,10,0,12,12,5,9,12,3,0,14,14,17,10,12,1,0,1,12,12,10,5,0,4,9,7,0,4,14,6,0,1,10,6,6,4,4,0,9,0,10,6,9,0,12,10,1,6,5,7,7,5
202,7,3,0,1,0,14,19,1,0,4,0,14,4,10,3,17,5,10,0,3,0,3,5,9,12,5,0,7,6,1,0,14,17,17,1,14,14,1,3,9,0,1,12,9,6,9,12,10,10,7,14,12,0,10,3,0,9,9,12,12,3,3,14,5,14,14,7,6,14,5,6,0,17,12,5,7,3,3,14,0,4,0,6,7,9,0,12,12,6,10,0,1,4,14,10,9,17,17,7,9,0,14,0,0,12,12,5,9,12,3,4,14,14,17,10,12,1,0,1,12,12,0,4,4,9,9,0,0,4,4,6,0,1,1,6,7,4,3,0,9,0,10,6,9,4,12,0,1,6,5,7,7
203,10,12,3,0,3,0,14,4,1,4,12,3,14,4,10,3,17,3,10,0,3,0,3,6,9,12,12,9,10,12,1,0,14,17,4,14,14,0,9,12,9,0,17,12,1,12,9,12,10,10,1,14,12,0,10,3,0,12,3,12,12,3,3,14,12,14,14,9,6,0,17,12,0,3,3,12,10,17,3,14,4,4,4,12,1,1,0,6,1,12,10,0,9,4,14,10,3,17,12,12,9,0,14,0,1,12,12,1,1,12,3,0,14,14,17,10,10,1,4,9,12,12,0,4,0,9,9,4,9,4,14,6,4,3,0,6,6,4,3,1,9,0,10,6,9,0,10,0,0,6,12,12
204,14,9,17,3,0,3,0,14,0,1,0,4,3,14,3,4,3,17,3,10,0,3,3,10,6,9,12,12,1,1,10,1,0,14,17,4,14,14,0,14,10,9,0,17,12,1,10,9,12,10,10,1,14,12,0,10,3,0,14,9,12,12,4,10,10,3,10,14,14,6,9,17,10,0,3,3,10,10,3,3,14,0,4,4,10,1,1,0,12,12,14,10,0,14,4,14,10,3,17,4,10,9,0,3,0,1,12,12,1,1,12,3,0,14,14,17,10,12,1,0,14,12,12,0,3,9,14,9,4,14,4,14,6,0,3,0,6,6,4,10,1,9,0,10,6,9,0,12,0,14,6,10
205,0,10,19,0,14,0,9,10,14,19,4,0,4,3,14,3,10,3,17,3,10,3,14,3,6,6,9,12,0,0,17,12,0,0,19,17,4,0,14,0,9,12,9,3,17,12,17,12,9,0,10,10,0,4,0,0,10,3,3,9,9,0,0,4,9,9,0,3,14,9,6,19,17,9,0,3,3,12,14,3,0,10,0,4,4,12,17,9,0,9,9,12,10,3,9,4,14,10,3,17,17,12,12,0,14,0,0,0,0,0,9,0,3,0,14,14,17,10,0,0,0,9,12,0,0,4,0,9,12,0,9,4,14,6,0,3,0,6,6,4,9,0,9,0,10,6,9,0,10,0,0,6
206,14,1,10,19,12,3,0,3,0,14,19,1,0,6,0,14,3,10,3,17,0,10,6,3,0,12,1,14,12,12,0,17,12,1,0,19,17,17,14,14,0,14,12,9,0,17,12,1,0,9,12,10,10,6,14,12,0,10,3,0,9,3,12,12,14,14,14,12,14,14,14,6,19,17,14,0,0,3,12,19,3,3,10,0,6,0,12,0,1,0,1,1,12,10,0,14,14,14,10,3,17,12,12,12,0,3,0,0,12,12,1,1,12,3,0,14,14,17,10,19,1,0,14,12,6,6,3,0,14,12,0,14,0,14,6,0,3,0,6,6,6,14,1,9,0,10,6,9,0,12,6,19
207,14,19,9,3,19,12,14,0,3,0,19,19,3,6,12,3,14,3,10,3,19,3,10,0,14,0,6,6,9,12,12,1,1,12,0,0,19,3,4,19,14,1,14,12,9,0,3,12,1,12,9,12,10,10,14,19,12,1,10,3,0,9,9,12,12,4,14,14,12,19,14,14,6,19,3,12,0,19,3,12,19,3,14,10,1,4,4,12,0,9,1,12,12,12,10,0,14,4,14,10,3,3,4,12,9,0,14,0,1,12,12,1,9,12,3,19,14,14,10,10,12,1,6,14,12,12,0,3,19,14,9,4,14,4,14,6,1,3,0,6,6,4,4,1,9,0,10,6,9,0,12,0
208,14,10,19,19,14,19,12,10,0,3,10,14,19,4,0,10,10,14,3,10,4,19,10,10,10,10,10,10,10,6,12,12,0,10,10,10,0,19,10,4,14,14,14,6,10,12,10,10,12,1,10,0,12,10,10,6,4,12,0,10,10,10,12,3,12,12,4,10,6,12,10,14,6,6,19,19,10,10,19,10,1,19,10,10,14,1,4,4,1,10,1,0,12,12,12,10,10,14,3,14,10,3,4,6,10,1,10,14,10,1,10,10,1,1,12,3,12,14,14,10,10,10,1,0,3,12,10,10,6,19,6,19,0,0,4,14,6,0,3,10,6,6,3,10,1,19,12,10,6,0,12,10
209,19,1,3,14,4,14,19,12,10,10,3,10,14,19,1,6,10,10,14,3,10,3,14,3,10,10,3,3,3,3,9,12,12,9,1,10,1,19,14,10,4,14,14,14,9,10,12,3,1,12,1,10,9,12,10,10,6,4,12,10,10,10,3,12,3,12,12,4,10,14,12,3,14,9,6,14,1,10,3,17,10,10,14,10,3,14,4,4,4,10,1,4,10,12,12,12,10,3,9,3,3,10,3,1,12,10,9,3,14,19,1,10,10,1,1,12,3,14,14,14,17,10,10,1,4,9,12,10,1,14,14,9,9,4,9,4,14,6,4,3,14,6,6,19,10,4,19,12,10,6,9,14
210,10,4,3,3,19,19,4,19,12,10,9,10,10,14,19,17,4,4,12,14,4,12,3,19,3,12,12,3,3,3,3,9,12,12,9,17,10,3,9,19,10,4,14,14,14,9,10,9,3,3,12,17,10,9,12,10,10,6,4,12,4,10,10,3,9,3,12,12,4,10,4,12,3,14,4,6,19,19,10,3,19,12,1,19,17,3,10,4,4,4,1,3,1,4,12,12,19,10,12,9,3,14,12,3,17,6,10,9,3,1,9,17,12,12,1,1,12,3,14,14,14,10,10,12,1,4,9,12,12,3,4,9,9,9,4,9,4,14,6,4,3,9,6,6,3,10,4,9,12,10,6,9
211,8,1,1,1,3,19,19,10,19,12,17,1,9,1,3,19,1,8,1,10,14,3,10,3,19,3,10,6,14,3,3,3,9,12,12,1,1,6,1,8,19,17,4,14,14,1,9,17,9,3,1,12,1,8,9,12,10,10,6,4,12,1,10,12,3,9,9,12,12,4,14,3,12,3,14,9,6,19,19,6,1,19,12,1,19,17,14,14,1,4,4,1,1,1,1,12,12,8,10,1,9,4,14,10,9,19,6,19,12,1,14,1,1,12,12,1,1,12,3,12,14,14,10,10,12,1,8,9,12,12,1,8,8,9,8,4,9,4,12,6,1,9,1,6,6,4,4,1,19,12,1,6
212,4,1,1,0,1,1,19,19,4,19,12,3,0,3,10,14,19,1,4,12,12,14,4,12,3,19,1,12,12,3,3,3,3,9,12,12,0,1,3,1,0,19,1,4,14,14,0,9,3,12,0,1,12,1,3,9,12,10,10,20,14,12,0,10,3,3,12,3,12,12,3,3,14,12,14,14,9,12,19,1,3,1,19,12,1,19,1,1,14,4,4,4,1,1,1,0,12,12,12,10,0,9,3,14,12,3,3,12,19,9,1,14,12,0,12,12,1,1,12,3,19,14,14,10,12,12,1,4,9,12,12,1,4,19,9,9,4,9,4,14,12,4,3,3,9,12,3,3,4,19,12,10
213,12,10,1,1,0,1,1,19,19,0,19,5,3,9,1,1,14,19,5,0,12,12,14,3,12,3,19,5,12,12,3,3,3,3,6,12,5,0,5,10,1,9,19,10,4,14,14,0,6,10,9,3,1,12,1,10,9,12,10,10,6,14,12,0,10,3,3,9,1,12,12,4,10,14,5,14,14,6,6,19,5,10,1,19,12,5,19,12,3,14,0,4,4,10,1,1,0,12,1,19,10,0,6,4,14,12,1,19,4,10,19,1,14,12,0,12,12,0,1,12,3,19,14,14,10,12,12,1,0,1,12,12,1,4,19,6,19,4,6,4,14,12,0,1,1,6,6,4,10,0,19,12
214,14,4,10,1,1,0,1,4,19,19,0,19,12,10,0,3,3,14,19,1,0,4,12,14,3,12,4,19,3,12,12,14,4,4,12,9,12,12,0,1,10,1,0,19,10,1,14,14,0,9,10,12,3,1,12,1,10,9,12,10,10,20,4,12,0,10,10,4,12,3,12,12,4,10,4,12,4,14,9,12,19,19,10,1,19,12,1,19,1,12,14,0,4,0,1,1,1,0,12,12,12,10,0,9,3,14,12,3,19,12,19,9,1,14,12,0,12,12,1,1,12,3,0,14,14,10,12,12,1,0,9,12,12,1,4,0,9,9,0,9,4,14,12,0,3,0,9,12,3,10,0,19
215,3,1,4,10,1,1,9,1,1,19,19,3,19,4,3,0,3,1,14,19,3,6,4,0,14,3,0,3,19,1,9,0,1,1,6,6,6,12,12,9,3,12,1,0,19,10,10,14,14,0,14,12,9,9,1,12,1,12,9,4,10,10,0,14,12,9,10,3,0,12,3,12,4,3,10,14,12,14,14,14,12,19,19,10,1,19,12,1,19,3,3,14,1,4,3,1,1,1,9,12,12,12,10,9,14,3,14,12,3,3,12,19,1,1,1,0,1,12,12,1,1,12,3,4,1,14,10,10,12,1,6,9,12,12,1,4,4,9,9,3,9,4,4,6,9,3,0,6,6,3,10,1
216,10,0,0,14,10,1,1,0,1,4,19,19,0,19,12,10,0,10,0,3,19,1,0,4,12,14,3,12,4,19,12,12,12,14,3,3,6,6,12,12,0,1,10,1,0,14,10,4,14,12,14,14,10,0,0,1,12,1,10,0,12,10,10,0,4,12,0,10,10,3,0,3,12,12,4,10,3,12,3,14,4,6,19,19,10,1,19,12,3,19,1,4,10,0,3,4,12,1,4,0,6,10,19,10,0,14,3,14,12,3,1,3,10,12,14,14,12,0,12,12,14,12,0,3,14,14,12,12,12,12,1,0,10,12,12,1,14,14,4,19,3,0,4,12,6,0,10,14,6,6,3,10
217,6,14,9,1,14,10,1,1,4,1,1,14,9,4,19,12,3,1,3,6,14,19,17,4,1,3,14,3,10,4,19,3,10,6,3,3,3,3,9,12,12,17,17,10,1,6,19,10,10,14,14,14,14,10,12,3,1,12,17,10,9,12,10,9,19,14,12,4,10,4,3,12,3,12,12,3,10,3,12,14,14,19,12,19,19,10,4,4,4,3,19,1,4,14,4,3,4,10,1,1,4,12,12,9,10,4,14,3,14,12,3,19,4,10,9,1,14,6,17,12,12,17,1,12,10,14,14,14,10,10,3,1,4,9,12,12,1,14,14,9,9,3,9,14,14,6,4,3,14,6,6,3
218,4,0,14,6,10,4,10,10,1,0,1,4,19,19,10,10,12,3,0,3,6,14,19,1,0,4,3,14,12,10,3,19,12,10,6,3,3,3,3,6,12,12,0,1,10,1,0,0,10,4,14,14,0,6,10,12,0,1,12,1,10,0,12,4,19,6,4,12,0,10,3,3,12,6,12,12,4,10,3,12,14,14,6,12,19,6,10,1,19,6,3,19,1,3,14,0,4,4,10,1,4,0,12,12,19,10,0,6,3,14,10,6,3,6,10,19,1,14,6,0,12,12,3,14,12,10,0,14,14,10,10,3,1,0,3,12,6,1,4,0,6,19,3,6,4,14,6,0,3,0,6,6
219,4,4,0,9,6,1,14,10,1,0,0,1,1,19,19,0,19,1,10,0,3,3,19,19,4,0,4,10,14,14,10,4,19,3,10,0,14,0,6,6,6,12,9,0,10,10,0,0,19,10,10,9,9,6,6,10,9,0,1,12,6,10,9,12,10,19,6,19,12,0,10,4,0,9,19,12,12,4,10,19,3,19,14,6,12,19,6,10,1,19,6,6,19,1,4,19,0,4,4,10,1,4,0,12,14,19,10,3,6,3,14,12,3,3,4,10,19,0,14,0,6,12,12,6,4,12,10,4,4,9,10,10,0,0,0,3,12,12,0,14,19,6,19,0,6,4,4,6,0,3,0,6
220,9,19,12,9,14,9,3,14,10,3,3,0,3,3,19,4,0,12,12,10,9,9,19,14,12,3,0,14,12,14,4,12,3,19,3,12,12,3,3,14,9,9,4,19,0,3,10,3,9,18,10,10,14,14,14,14,10,9,3,3,12,9,10,9,12,18,19,0,14,12,0,10,3,14,9,9,12,12,14,10,14,12,14,14,19,12,19,19,10,3,19,12,10,19,3,3,14,0,4,0,10,3,9,0,9,9,19,10,0,14,4,14,12,9,19,12,10,9,3,14,12,0,12,12,0,9,12,3,14,14,14,19,12,12,9,0,3,12,12,3,3,14,0,19,4,0,14,14,9,0,3,14
221,19,14,19,19,0,14,0,1,14,10,1,1,0,1,1,19,19,10,10,19,10,0,3,19,3,10,1,0,19,10,14,3,10,19,19,3,10,10,1,3,3,1,21,12,19,0,1,10,1,0,19,10,10,19,14,19,19,10,1,3,1,12,1,10,0,12,18,19,3,14,12,0,10,10,3,14,3,12,12,14,10,3,12,14,14,19,12,19,19,10,1,19,0,3,19,1,1,14,3,19,19,10,1,1,0,12,1,19,10,0,1,3,14,10,3,19,19,10,12,1,14,10,0,12,12,3,1,12,3,19,1,14,19,10,10,1,0,19,12,12,1,14,19,3,19,19,0,14,1,3,0,3
222,14,19,1,19,4,1,1,14,3,4,10,3,1,0,1,3,14,1,0,12,1,10,12,9,3,14,12,1,0,4,12,14,3,12,4,19,3,12,12,3,3,10,9,9,4,19,0,1,10,1,12,3,10,10,14,14,14,14,10,9,3,1,12,1,10,9,12,3,19,19,14,12,0,10,4,12,9,14,12,12,4,10,14,12,14,14,19,9,19,19,10,4,4,12,1,14,1,4,14,0,4,4,10,1,9,0,9,9,19,10,0,14,3,12,12,3,19,4,10,1,3,1,12,0,12,12,1,1,12,3,14,14,14,19,12,12,1,0,19,12,12,1,1,14,0,19,19,0,4,14,9,0
223,14,4,1,4,19,17,4,9,0,14,4,9,10,1,0,1,14,17,4,10,10,4,3,0,3,1,3,10,1,0,4,10,9,3,10,3,17,3,10,10,3,3,4,12,3,12,19,0,1,9,1,0,14,1,4,9,9,14,14,9,9,0,1,12,1,0,0,12,4,19,10,4,12,0,10,3,4,9,3,12,12,4,9,4,12,3,9,14,12,14,1,4,17,17,0,19,14,1,3,3,10,4,17,4,1,4,0,12,1,12,10,0,14,3,9,10,3,17,17,10,4,14,3,10,0,12,12,4,4,12,3,14,14,9,17,10,10,1,12,19,12,12,1,4,14,4,17,17,0,4,14,3
224,14,4,4,3,4,1,12,19,9,0,1,4,10,1,1,0,1,1,19,19,19,12,4,10,0,3,1,3,12,3,19,1,12,9,3,12,3,19,3,12,12,1,3,4,9,9,19,3,0,3,10,1,0,14,10,10,9,9,14,1,10,9,3,1,9,9,10,9,12,1,19,19,4,12,0,10,3,4,9,3,12,12,4,10,4,12,3,9,19,9,19,19,10,1,19,12,1,14,3,1,4,1,1,19,10,1,1,0,9,9,19,10,0,1,3,9,12,3,19,12,10,19,1,19,12,0,12,12,4,1,12,3,14,14,9,10,12,12,1,19,3,9,12,1,4,14,4,19,19,19,4,14
225,19,4,4,4,9,4,19,12,14,9,0,1,4,10,1,1,0,1,1,19,19,10,10,1,10,0,3,19,3,10,4,0,4,10,14,14,10,4,19,3,10,10,14,5,5,5,9,12,9,0,19,10,1,0,18,10,10,14,9,14,1,10,9,0,1,12,9,10,9,12,18,19,5,4,12,0,10,14,5,9,3,12,12,4,10,5,12,5,14,19,12,19,19,10,1,19,0,5,19,10,14,5,10,4,4,10,1,4,0,12,12,19,10,0,1,3,14,10,3,19,12,10,9,1,14,10,0,12,12,5,9,12,3,14,14,9,19,10,10,1,0,9,12,12,1,14,14,4,19,19,0,4
226,19,4,4,4,4,3,4,3,10,4,1,9,1,4,10,1,1,0,1,1,4,18,0,10,3,10,3,19,3,19,10,3,4,1,3,4,4,10,3,19,3,10,10,1,1,4,1,12,12,9,0,3,10,1,1,19,10,10,10,4,0,19,10,12,3,3,12,1,10,9,0,18,9,4,4,10,0,10,3,1,12,19,10,0,4,10,4,10,19,1,4,12,19,3,10,1,19,3,1,1,3,1,4,1,0,0,10,1,1,0,12,12,12,10,0,1,18,12,10,3,3,10,10,9,1,1,10,0,10,10,1,1,12,3,0,1,4,4,10,10,1,4,9,12,10,1,3,19,4,9,4,4
227,3,9,4,4,4,4,17,4,3,12,19,9,12,1,4,12,1,1,0,1,1,4,19,0,19,12,10,12,9,3,10,19,17,19,12,12,4,19,12,4,10,3,10,12,1,5,5,5,9,12,12,0,17,10,1,12,19,10,10,10,12,0,1,10,9,12,1,12,9,10,9,0,10,12,5,4,12,0,10,17,5,9,9,12,0,4,10,5,12,5,10,19,12,19,19,10,1,3,12,5,19,17,1,4,5,0,4,12,1,9,0,9,9,12,10,0,1,10,10,10,3,19,12,10,12,1,19,12,0,12,12,5,12,9,10,0,0,12,4,12,12,1,19,12,12,12,1,19,9,4,12,19
228,19,0,19,4,4,4,4,19,4,0,12,12,1,0,1,4,12,1,1,0,1,1,4,18,19,10,12,0,0,10,19,19,10,17,19,0,10,4,19,10,4,19,19,10,10,1,1,4,12,12,12,12,0,17,12,1,0,18,19,19,10,12,0,1,12,12,0,1,12,17,12,0,12,18,12,20,4,12,0,10,0,4,12,19,12,12,4,1,4,12,19,0,19,12,19,19,12,1,19,10,0,10,19,1,4,0,0,4,12,1,0,0,12,12,12,10,0,1,10,19,10,19,19,12,10,12,1,19,10,0,12,12,0,0,12,0,0,0,12,4,10,10,1,19,12,12,12,1,19,19,4,12
229,19,1,0,9,4,4,4,4,17,4,3,12,0,9,0,1,4,10,1,1,0,1,1,4,19,19,19,12,10,0,9,3,3,19,17,19,22,0,4,19,0,4,19,3,12,0,1,1,4,3,9,19,12,0,17,10,1,0,19,10,10,12,12,0,1,10,9,0,1,1,9,10,9,0,18,12,19,4,12,0,18,17,0,9,9,12,0,4,10,4,12,3,19,19,12,19,19,10,1,3,0,19,19,17,1,4,19,19,4,10,1,9,0,12,9,12,12,0,1,12,19,12,3,19,12,17,9,1,19,0,0,12,12,4,9,12,17,0,0,12,4,0,12,1,19,12,12,12,1,19,0,4
230,0,3,1,9,9,4,4,4,4,3,4,3,10,10,9,0,1,4,10,1,1,0,1,1,4,4,10,10,10,0,10,9,3,14,10,3,10,4,3,4,3,10,3,14,3,10,3,1,1,4,12,12,4,12,0,0,10,1,9,14,10,10,10,14,14,14,10,9,3,1,4,9,0,9,4,18,12,10,4,10,0,10,3,4,9,9,12,4,4,10,4,10,4,14,3,12,14,3,10,1,3,3,10,14,3,1,4,10,4,4,10,1,9,0,12,3,11,10,0,14,12,10,10,3,3,10,10,9,1,3,3,0,12,12,4,9,12,3,14,14,4,4,10,10,9,12,3,12,12,1,3,14
231,10,3,0,1,0,9,4,4,4,4,17,4,0,23,19,9,9,1,4,10,1,1,0,1,1,4,19,19,19,19,10,0,9,3,3,19,17,19,9,0,4,19,0,17,14,3,12,0,19,0,4,0,21,12,12,0,17,10,1,0,14,10,10,14,4,14,1,10,9,3,1,12,9,10,9,12,19,12,0,4,10,0,1,17,0,9,9,12,12,4,10,4,10,3,4,0,12,14,19,10,1,3,0,10,14,17,1,4,0,0,0,10,1,9,0,12,9,11,3,0,14,3,10,12,3,19,10,14,9,1,19,0,0,12,12,0,9,12,3,14,14,4,4,0,0,9,19,17,12,12,1,19
232,14,10,0,0,9,0,9,4,4,4,4,9,4,0,19,0,1,0,0,4,10,0,1,0,1,3,4,19,0,19,19,10,0,1,3,3,19,1,0,14,0,4,3,0,4,19,3,12,0,3,3,4,9,9,12,19,0,1,10,1,0,19,10,10,14,14,14,1,10,9,3,1,12,1,10,9,12,3,12,0,4,10,0,10,19,0,9,3,12,12,4,10,4,10,3,14,0,12,19,19,10,1,3,0,19,14,1,19,4,0,4,4,10,1,14,0,12,1,4,3,0,14,12,10,12,3,19,10,14,14,1,19,0,0,12,12,19,14,12,3,14,14,4,4,0,0,1,0,19,12,12,1
233,17,1,10,19,0,1,0,9,4,4,4,4,17,4,0,12,0,9,0,1,4,10,1,1,0,1,1,4,4,0,19,12,10,0,9,3,3,19,17,0,14,0,4,4,0,4,19,3,12,0,4,4,4,12,12,4,12,0,17,10,1,0,19,10,10,12,14,14,1,10,9,3,1,4,9,10,9,12,4,12,0,4,12,0,1,17,4,9,9,12,12,4,10,4,12,3,14,0,12,19,19,10,1,3,0,19,19,17,1,4,0,4,4,10,1,9,0,12,9,4,3,0,14,12,10,12,3,19,10,19,9,1,19,0,0,12,12,0,9,12,3,14,14,4,4,0,12,9,0,17,12,12
234,9,9,1,10,19,0,1,0,9,4,4,4,4,9,4,0,9,1,9,0,1,4,10,1,1,0,1,3,4,12,19,19,19,10,0,1,3,3,19,1,19,12,0,4,3,0,4,19,3,12,0,3,3,4,18,19,12,9,0,17,10,1,0,18,10,10,12,9,0,1,10,9,3,1,12,1,10,9,12,18,12,19,4,10,0,1,9,4,9,3,12,12,4,10,4,10,3,1,0,12,19,19,10,1,3,0,1,1,1,1,4,1,12,4,12,1,1,0,12,12,12,3,0,1,12,12,12,3,19,10,19,12,1,19,0,0,12,12,1,12,12,3,12,1,9,4,0,12,1,19,9,12
235,24,0,9,1,10,0,1,1,12,9,4,4,4,4,17,4,1,12,0,9,0,1,4,10,1,1,0,1,3,4,18,12,17,17,10,10,9,3,3,18,17,0,1,12,4,3,12,3,19,3,12,12,3,3,4,1,9,12,17,0,17,10,1,0,19,10,10,4,9,0,1,10,9,3,1,12,9,10,9,12,18,12,18,4,10,0,1,17,4,9,9,12,12,4,10,4,10,3,19,12,12,19,17,10,1,3,0,1,19,17,3,4,1,12,4,12,1,1,0,12,17,19,3,0,1,12,12,12,3,17,10,25,1,1,17,12,0,12,12,1,1,12,3,0,1,4,12,12,12,1,0,17
236,12,21,0,9,1,10,3,0,1,0,9,4,4,4,4,9,4,0,17,26,9,9,1,4,17,1,1,0,1,3,4,1,0,25,1,10,3,1,3,3,1,17,0,1,0,4,3,0,3,17,3,12,0,3,3,4,12,21,17,9,0,17,17,1,9,9,17,17,4,4,0,1,17,9,3,1,3,1,10,9,0,12,12,0,4,3,0,1,3,4,9,9,17,0,4,1,4,3,3,19,0,12,3,3,3,1,3,3,3,19,1,3,4,0,17,4,17,1,1,0,12,12,17,12,0,26,0,12,12,3,17,17,25,1,1,3,0,0,12,12,19,1,12,3,0,0,4,17,0,0,1,0
237,4,9,1,0,9,1,0,3,0,1,0,3,4,4,4,4,9,4,17,10,0,9,0,1,4,10,1,1,0,1,1,4,4,12,12,12,0,0,3,3,4,12,17,8,17,0,4,4,0,4,3,3,9,0,1,4,4,1,3,4,12,9,17,10,1,0,18,10,10,9,9,0,1,10,9,0,1,4,17,10,9,12,4,12,4,4,10,0,1,0,0,9,3,12,12,4,10,4,10,4,1,1,9,1,3,10,1,3,0,1,1,0,1,4,1,4,4,4,1,1,0,9,17,25,10,0,0,4,8,12,3,8,10,25,0,1,1,0,0,12,12,1,4,9,10,0,0,4,4,1,0,17
238,4,17,0,1,14,9,1,0,3,0,0,0,9,4,4,4,4,17,4,3,10,0,9,0,12,4,10,1,0,14,1,1,4,4,12,12,17,10,0,9,3,3,4,17,0,4,0,4,3,0,4,4,3,12,0,1,0,4,0,9,4,17,12,17,10,0,0,18,10,10,12,10,14,10,10,9,3,1,1,9,10,9,12,3,12,20,4,10,0,18,17,0,9,9,12,12,4,10,4,10,3,14,1,12,14,3,10,1,3,0,14,14,17,1,4,14,4,4,3,1,14,0,12,9,4,12,0,14,3,3,12,3,17,10,12,0,1,14,0,14,12,12,14,3,12,3,14,14,4,4,14,12
239,0,1,1,3,21,17,9,1,0,3,14,1,0,9,4,4,4,4,9,4,14,17,14,9,0,12,4,17,1,1,0,1,1,4,4,0,12,1,0,0,9,3,0,4,1,3,14,14,4,4,17,4,4,3,12,0,1,0,4,0,1,4,9,0,0,17,1,0,9,17,17,4,0,0,1,17,9,3,1,4,9,0,9,0,12,12,4,4,17,0,1,0,0,9,9,17,0,4,0,4,17,0,14,14,12,14,3,0,1,3,3,14,12,1,1,4,14,4,4,17,1,14,3,12,12,4,12,0,1,4,12,12,3,0,17,4,14,1,14,3,0,12,12,14,0,12,0,0,0,4,17,14
240,17,1,1,0,0,9,0,9,3,0,3,0,1,0,9,4,4,4,4,9,4,17,17,17,9,0,1,4,17,1,1,0,1,1,4,4,12,12,1,0,0,9,3,3,12,17,0,17,0,4,4,0,4,4,3,12,0,1,0,4,1,1,4,9,0,17,17,1,0,9,17,17,12,17,0,1,17,9,3,1,4,17,4,9,0,3,12,4,4,17,0,9,0,4,9,9,17,0,4,1,4,17,3,14,4,12,14,3,0,1,3,3,14,14,0,1,4,14,4,4,4,1,9,0,9,9,4,1,0,1,4,9,12,3,17,17,12,3,1,17,17,0,12,12,14,3,9,1,0,14,17,17
241,3,4,1,1,17,19,1,0,9,3,10,3,14,1,14,9,4,4,4,4,9,4,14,10,14,9,9,1,4,10,1,1,0,1,1,4,4,12,12,1,10,14,1,3,19,9,17,0,14,14,4,4,17,4,19,3,12,17,1,4,4,1,1,4,9,0,17,10,1,9,9,10,10,12,19,0,1,10,9,3,1,4,14,10,9,0,18,12,4,4,10,0,1,9,4,9,9,12,0,4,10,4,3,4,19,14,12,19,3,10,1,3,3,14,19,17,1,4,14,4,4,4,3,14,0,12,12,19,12,0,1,3,19,12,3,17,10,19,14,1,14,3,0,12,12,14,14,12,10,0,0,4
242,4,17,4,1,1,10,23,14,0,9,3,10,3,14,1,14,9,4,4,4,4,9,4,14,23,17,9,0,1,4,10,1,1,0,1,1,4,4,12,12,1,10,14,3,3,19,12,17,0,14,14,4,4,4,4,19,3,12,0,1,4,4,1,9,4,9,0,17,10,1,0,19,10,4,12,23,0,1,10,9,3,1,4,17,10,9,0,18,12,4,4,10,0,18,10,4,9,9,23,0,4,10,4,3,4,19,14,12,19,3,10,1,3,3,14,19,10,1,4,14,4,4,4,1,14,0,9,9,19,12,0,1,4,19,12,3,17,23,12,14,1,17,17,0,12,12,14,14,9,10,0,14
243,9,9,1,4,1,1,23,0,14,0,9,3,1,1,14,1,14,9,4,4,4,4,9,4,14,23,14,9,0,1,4,10,1,1,0,1,1,4,4,23,12,1,10,14,3,1,3,12,1,0,14,14,4,4,0,3,12,3,12,0,1,4,4,1,9,4,9,0,1,10,1,0,9,10,10,12,23,0,1,10,9,3,1,4,1,10,9,23,18,12,4,4,10,0,23,9,4,9,3,23,23,4,1,4,23,4,19,14,12,14,19,10,1,3,0,14,19,1,1,4,14,4,4,4,1,14,0,19,19,12,1,1,1,3,19,12,3,1,23,12,14,1,19,14,0,12,12,19,14,23,1,0
244,12,10,9,0,4,1,4,3,0,19,0,9,3,10,1,0,1,0,9,4,4,4,4,9,4,0,0,0,9,0,1,4,10,1,1,0,1,1,4,19,12,12,1,10,0,3,3,3,19,3,0,0,0,4,3,0,3,19,3,12,0,3,3,4,1,9,19,12,23,23,10,1,0,19,10,10,4,23,23,1,10,9,3,1,19,9,10,9,23,18,12,19,4,10,0,1,3,0,9,3,23,23,4,10,4,23,4,19,19,12,19,3,10,1,3,0,0,19,3,3,4,19,19,0,19,1,19,0,19,3,19,12,0,1,3,19,12,3,8,23,19,0,1,3,0,23,12,12,19,19,23,3
245,18,12,10,9,1,4,12,4,23,0,1,0,9,1,10,12,0,1,0,9,4,4,4,4,3,4,0,0,0,9,10,12,4,10,12,1,0,1,12,19,19,12,12,1,10,0,12,0,18,19,3,0,14,0,4,3,0,0,19,12,12,0,3,0,4,0,9,12,3,0,12,10,1,0,19,10,10,12,23,23,1,10,9,0,1,3,9,10,9,23,18,12,19,4,0,0,23,3,0,9,10,23,23,4,10,4,23,4,19,19,12,19,3,10,1,0,0,0,19,1,3,4,14,12,0,4,1,14,0,9,9,12,12,0,14,18,12,12,0,1,23,12,14,1,3,0,0,12,12,4,14,23
246,9,1,1,10,9,1,4,1,4,3,0,14,0,9,1,1,1,0,1,0,9,4,4,4,4,9,4,0,10,0,9,27,1,4,10,1,1,0,1,1,4,0,3,12,1,10,0,9,1,3,12,1,0,0,0,4,3,0,3,12,1,12,0,1,3,4,1,9,0,9,0,8,10,1,0,18,10,10,12,4,0,1,10,9,0,1,3,9,10,9,0,18,12,12,4,10,0,18,3,0,9,9,3,0,4,10,4,10,4,4,19,12,19,19,10,1,3,0,0,12,1,3,4,14,0,0,1,1,14,0,9,9,12,1,0,1,8,19,12,9,8,10,12,14,1,1,0,0,12,12,14,14
247,12,9,12,9,10,9,1,4,3,3,0,0,1,10,9,1,0,1,0,1,0,9,4,4,4,4,17,4,17,10,0,9,0,12,4,10,3,1,0,1,3,4,0,3,12,1,0,0,9,8,3,20,17,0,17,0,4,3,0,3,12,12,12,0,3,0,4,12,9,0,12,0,17,10,1,0,18,10,10,4,4,3,1,10,9,0,1,3,9,10,9,0,18,12,20,4,10,0,18,0,0,9,9,3,0,4,10,4,10,4,4,17,12,18,17,10,1,8,0,10,12,0,3,4,3,0,0,1,1,9,0,9,9,12,12,0,3,18,12,12,9,8,10,0,0,1,3,0,0,12,12,10
248,4,0,9,1,9,10,9,1,4,1,1,3,0,14,0,9,1,0,0,0,1,0,9,4,4,4,4,19,4,14,0,0,9,0,1,4,10,1,1,0,1,1,4,12,3,12,1,0,0,9,1,3,12,1,0,4,0,4,3,0,3,19,1,12,0,1,3,4,1,9,12,19,0,1,10,1,0,19,10,10,4,10,10,10,10,9,0,1,3,9,10,9,12,18,12,12,4,0,0,18,3,0,9,19,3,12,4,10,3,10,3,10,14,12,19,19,0,1,19,0,0,14,1,1,1,14,12,0,1,1,14,0,9,9,12,1,0,1,18,10,12,19,19,10,4,0,1,1,0,0,12,12
249,10,1,0,9,1,9,10,9,0,4,1,1,0,0,21,1,4,17,1,0,0,1,0,9,4,4,4,4,17,4,3,10,0,0,18,1,4,10,1,0,0,3,1,4,0,17,17,17,10,0,9,1,3,17,17,0,4,0,4,3,0,1,19,1,9,0,1,3,4,0,9,0,17,0,17,10,0,0,18,10,10,4,4,18,19,10,9,1,17,3,0,10,9,0,18,18,19,4,10,0,18,17,0,9,18,3,0,4,10,3,10,3,4,0,9,0,17,10,0,21,0,0,19,17,1,4,3,0,0,19,0,9,0,9,9,19,1,0,1,18,19,17,1,17,10,0,0,0,17,0,0,0
250,8,1,1,0,9,12,1,10,9,0,4,1,4,3,0,14,0,9,1,3,1,0,1,0,9,4,4,4,4,9,4,14,10,0,9,0,1,4,10,1,1,0,1,1,4,0,12,12,18,3,0,12,19,4,18,3,0,14,0,4,3,0,3,19,1,12,0,3,3,4,1,9,0,9,0,9,10,1,0,18,10,10,4,4,0,10,10,9,0,1,3,9,10,9,0,18,12,19,4,10,0,1,3,0,9,9,3,0,4,10,4,10,4,4,19,12,19,19,10,1,8,0,14,19,3,3,4,0,0,0,10,1,14,0,9,9,18,12,0,14,18,19,12,9,8,10,12,0,1,3,0,0
251,17,19,1,1,0,9,14,1,10,9,0,4,1,4,17,0,14,0,9,17,1,1,0,1,0,9,4,4,4,4,17,4,22,10,0,9,0,1,4,10,1,1,0,1,1,4,3,12,12,17,17,0,12,22,4,3,17,0,22,0,4,3,0,14,19,1,12,0,1,3,4,1,9,3,17,0,17,10,1,0,9,10,10,4,4,0,19,10,9,0,1,3,9,10,9,0,18,12,19,4,10,0,1,17,0,9,9,3,0,4,10,4,10,4,4,19,12,19,17,10,1,14,0,10,19,17,14,4,0,0,0,19,1,14,0,9,9,19,12,0,14,18,19,12,9,17,10,12,0,1,17,0
252,17,1,19,1,1,0,9,1,12,10,23,0,4,1,1,19,9,14,9,19,17,1,1,0,1,0,19,4,4,4,4,17,4,23,10,0,1,0,1,4,10,1,1,23,1,1,4,1,23,17,17,10,0,12,19,23,17,1,0,4,0,4,3,0,14,19,1,12,0,1,3,4,1,14,3,17,23,9,10,1,0,18,10,10,4,23,23,10,10,9,1,1,3,1,10,9,23,12,12,19,4,10,9,23,17,0,9,9,23,23,4,10,4,10,4,23,19,9,19,17,10,1,14,0,0,14,17,1,4,23,9,4,19,1,14,0,14,14,1,1,19,14,18,3,17,19,17,10,18,0,1,17
253,10,1,1,18,3,14,0,9,12,3,10,1,0,4,1,1,1,0,14,0,9,12,3,1,0,3,0,9,4,4,4,4,9,4,8,10,0,1,3,1,4,10,1,1,0,1,1,12,3,0,12,0,10,0,8,1,18,3,1,0,14,0,4,3,0,14,12,12,12,0,3,3,4,3,9,3,9,0,8,10,1,0,19,10,10,12,4,0,12,10,9,1,1,3,1,10,9,0,18,19,12,4,10,0,18,3,0,9,9,18,0,4,10,4,10,4,4,14,12,19,12,10,1,12,0,0,12,1,1,4,0,0,0,18,1,14,0,9,1,3,12,0,9,8,3,12,12,3,10,12,3,1
254,19,0,18,18,18,3,1,0,9,3,1,10,9,0,4,1,1,18,0,21,10,9,18,3,1,0,1,0,9,4,4,4,4,17,4,17,10,0,9,3,1,4,10,1,1,0,1,1,19,3,12,12,0,3,0,12,3,18,3,17,0,17,0,4,3,12,3,19,1,12,18,1,3,4,1,9,3,17,0,17,10,1,0,18,10,10,19,19,0,19,10,9,3,1,3,9,0,9,0,18,12,19,4,10,0,18,3,0,9,9,18,0,4,10,4,10,4,19,17,19,19,17,10,1,3,3,10,19,18,10,4,0,0,0,18,1,0,0,9,9,3,12,0,9,18,3,12,3,0,19,12,3
255,1,3,0,1,1,23,3,3,0,9,3,9,10,1,0,1,1,1,1,0,4,9,1,3,3,3,23,3,0,3,4,4,4,4,3,4,8,10,0,1,0,1,4,10,1,1,0,1,1,4,3,23,3,0,10,0,0,1,23,18,1,0,4,0,4,3,0,4,3,3,9,1,3,3,3,0,1,3,3,1,8,10,1,0,18,10,10,4,23,23,0,10,9,1,1,3,1,0,9,0,18,19,3,4,10,0,23,3,0,9,9,23,0,4,10,9,10,3,23,19,9,19,3,10,3,3,0,8,9,1,3,23,1,8,4,1,1,9,0,9,9,3,10,1,0,1,3,3,3,3,10,18
256,8,8,3,0,18,18,18,3,1,19,9,12,1,10,0,19,4,1,1,17,18,14,8,9,18,3,12,14,1,18,9,4,4,4,4,9,4,8,10,14,4,3,1,4,10,1,1,0,1,1,12,3,17,19,0,10,14,17,9,18,3,14,0,8,17,4,3,17,14,12,12,17,17,3,3,4,1,9,3,9,0,8,10,1,19,18,10,10,12,4,0,12,10,9,17,1,3,10,0,9,0,18,18,12,4,10,0,18,3,4,9,9,18,0,4,10,4,10,4,4,14,12,12,12,10,1,12,17,8,12,17,14,4,0,8,0,18,1,14,0,14,14,3,10,9,9,18,3,3,12,3,10
257,18,8,8,3,0,1,1,18,3,3,0,28,12,3,10,9,0,1,1,1,3,0,3,10,1,12,3,12,9,3,0,12,4,4,4,4,1,4,8,10,0,9,18,1,4,10,1,1,12,1,1,12,3,12,12,0,3,0,12,1,18,12,8,0,4,12,4,3,12,12,12,12,12,1,3,3,3,3,1,3,1,18,8,10,1,0,19,10,10,12,9,18,12,10,9,1,1,3,9,0,9,0,18,12,12,4,10,0,18,3,0,9,18,18,12,4,10,4,10,3,9,19,12,19,12,10,3,12,12,10,9,3,10,4,1,8,4,1,3,9,0,9,9,3,12,1,9,1,3,12,12,3
258,8,1,1,8,3,0,1,1,1,8,17,0,9,12,12,10,17,0,4,1,4,17,8,9,10,1,8,4,12,17,23,8,1,4,4,4,4,1,4,8,10,0,17,3,8,4,10,1,1,23,1,1,12,3,23,12,0,10,0,3,4,23,3,1,0,4,17,4,9,17,9,12,12,12,17,3,3,3,3,1,3,1,1,8,10,1,0,19,10,10,12,23,23,12,10,9,4,1,3,10,0,9,0,18,12,12,4,10,8,23,3,0,9,1,23,12,4,10,9,23,3,4,17,12,19,12,10,3,12,17,19,12,17,0,4,8,8,8,8,10,9,17,9,9,3,12,3,3,8,3,3,12
259,18,10,1,1,1,3,0,1,1,18,1,14,0,12,12,12,10,10,0,1,1,1,1,9,14,9,1,1,4,12,14,18,1,12,4,4,4,4,12,4,1,10,14,10,18,1,4,10,1,1,0,1,1,18,3,0,12,0,1,0,3,4,18,3,1,0,4,12,4,0,12,12,12,12,12,1,3,3,3,3,1,3,12,1,9,10,1,0,18,10,10,18,18,18,12,10,9,4,1,3,10,0,9,0,12,14,12,4,14,0,18,3,4,9,18,10,0,4,10,9,10,3,18,14,9,3,12,1,3,12,12,14,9,1,14,4,1,9,4,1,1,14,0,9,9,3,10,3,3,1,3,3
260,17,12,10,1,0,1,12,14,1,1,1,0,14,17,1,12,17,10,0,12,1,1,1,12,0,14,9,1,12,4,1,14,17,14,1,4,4,4,4,1,4,0,10,14,10,3,0,4,10,1,1,0,1,1,12,3,0,3,0,1,14,3,4,1,3,1,0,4,17,4,9,17,12,19,12,17,17,3,3,3,3,1,3,1,3,0,10,1,19,9,10,10,12,10,0,12,10,9,4,1,3,10,10,9,0,18,18,12,4,14,0,4,3,17,9,1,10,0,4,10,9,10,3,19,14,9,3,1,1,3,12,17,9,19,1,14,4,0,0,0,1,1,14,0,19,19,3,10,3,3,1,3
261,14,10,12,23,1,1,1,12,0,1,1,1,1,14,17,9,12,17,10,0,17,1,1,1,12,1,14,10,1,1,4,12,14,23,14,12,4,4,4,4,1,4,1,10,14,12,3,1,4,10,1,1,0,1,1,4,3,23,3,0,1,14,3,1,23,3,1,0,4,12,4,0,17,12,12,12,17,14,3,3,3,3,1,3,1,3,9,10,1,19,3,10,10,4,23,23,12,10,9,4,1,3,10,0,9,0,18,18,12,4,10,0,23,3,17,9,23,23,0,4,10,9,23,3,4,14,9,3,1,10,1,12,12,10,12,1,14,4,1,0,0,1,1,14,0,9,9,3,17,3,3,1
262,9,0,1,17,10,1,8,8,14,14,3,1,1,0,17,17,1,1,17,10,17,17,4,1,4,17,0,1,9,1,8,4,1,1,10,14,1,4,4,4,4,1,4,8,10,14,17,3,0,4,10,4,10,0,17,1,4,3,0,3,9,17,14,3,4,1,3,14,0,8,17,4,0,17,14,1,1,17,17,3,3,3,3,1,3,1,3,8,10,14,19,3,10,10,4,10,29,17,10,9,4,1,3,8,8,9,0,18,18,17,4,14,0,8,3,9,9,1,10,0,4,10,9,10,3,4,17,9,3,8,1,1,17,17,9,14,17,14,4,0,0,0,0,8,14,17,14,14,3,10,3,3
263,14,12,0,0,14,10,1,1,1,14,0,3,1,12,0,17,17,12,12,17,10,0,12,1,1,1,1,23,14,9,1,3,4,1,17,23,14,1,4,4,4,4,1,4,0,10,14,0,3,0,4,10,1,1,0,1,1,12,3,0,3,9,1,14,3,4,23,3,1,17,4,17,4,0,17,14,12,12,9,17,3,3,3,3,1,3,1,3,0,10,1,18,3,10,10,12,23,23,12,10,9,4,1,3,10,12,1,0,18,18,12,4,10,0,23,3,9,9,1,10,0,4,10,9,10,3,4,17,9,3,12,10,1,14,17,9,12,1,14,4,0,0,0,0,1,14,17,14,14,3,10,3
264,0,19,17,0,0,3,10,1,1,1,14,0,1,1,1,0,14,3,17,3,9,10,0,9,4,1,4,17,1,14,9,1,19,4,18,14,10,14,0,4,4,4,4,1,4,0,10,14,0,1,0,4,10,4,1,0,1,3,19,19,0,19,9,1,14,3,4,1,19,1,17,4,17,4,0,17,14,19,3,9,17,3,19,4,19,1,3,1,19,0,10,1,1,19,10,10,19,10,19,17,10,9,4,1,3,10,19,9,0,18,18,17,4,10,0,1,3,9,9,1,10,0,4,10,9,10,19,19,17,9,19,1,10,3,14,17,9,19,1,14,4,0,0,0,0,1,14,17,9,19,3,10
265,0,14,1,17,0,0,3,10,1,19,1,14,0,1,1,23,0,17,3,17,3,9,10,0,9,4,1,4,1,1,14,10,9,14,4,9,17,23,14,0,4,4,4,4,9,4,0,10,14,0,1,0,4,10,4,9,0,1,3,14,3,0,14,9,1,14,3,4,23,14,19,3,4,17,4,0,17,19,19,3,9,1,3,3,3,3,9,3,9,3,0,10,9,1,14,10,10,14,23,23,17,10,9,4,1,3,10,23,9,0,1,19,17,4,10,0,23,3,9,9,23,23,0,4,10,9,10,3,19,17,9,3,19,10,3,14,17,10,19,1,19,4,0,0,0,0,1,19,17,19,19,3
266,4,4,14,1,12,0,0,12,10,1,14,1,14,0,1,1,1,0,14,17,17,12,17,10,0,12,4,1,4,12,1,14,9,1,14,4,1,14,10,14,1,4,4,4,4,1,4,0,14,14,0,1,0,4,10,4,10,0,1,3,14,3,0,14,9,1,14,3,4,1,14,14,17,0,17,4,0,17,14,1,1,9,1,3,3,3,3,1,3,1,3,0,1,14,1,14,1,17,14,10,10,12,1,9,4,3,3,1,1,9,0,18,14,12,4,1,0,10,12,9,9,1,10,0,4,10,9,10,3,4,17,9,3,1,1,3,14,17,9,1,1,14,4,0,0,0,0,1,14,17,14,14
267,4,8,4,8,1,17,0,0,14,10,4,14,1,14,0,4,4,12,8,1,10,17,8,9,10,0,9,4,4,4,1,23,1,9,4,14,4,12,8,18,1,8,4,4,4,4,12,4,8,14,14,0,14,8,4,10,4,30,0,1,3,14,3,0,14,9,1,0,3,4,18,14,14,3,8,17,4,9,17,14,12,12,9,1,3,3,4,3,4,3,12,3,8,10,14,19,14,10,10,14,0,0,17,10,9,4,1,3,10,0,9,0,14,12,17,18,0,0,18,3,9,9,18,0,0,18,10,9,0,3,18,17,9,14,12,10,8,14,17,8,12,1,14,18,8,8,8,8,1,14,17,9
268,12,1,8,4,0,17,12,0,8,0,23,8,1,1,14,14,1,1,12,8,14,17,12,12,17,10,0,12,4,8,4,10,1,14,9,8,3,4,8,8,23,14,0,4,4,4,4,1,4,8,14,14,0,3,8,4,10,4,1,0,1,8,3,3,23,3,9,10,14,0,4,23,3,1,17,4,17,4,9,17,14,12,12,17,17,3,3,4,3,9,1,1,1,8,10,1,1,3,10,17,3,23,23,12,10,9,4,1,3,10,10,9,0,0,14,12,4,10,0,23,12,17,1,9,23,0,4,10,9,23,4,4,12,9,3,12,10,8,14,17,9,12,1,14,4,8,0,0,8,10,14,17
269,18,12,1,17,4,14,1,12,0,0,12,10,1,1,1,14,0,1,1,23,0,14,17,1,12,17,10,0,12,4,1,4,1,3,14,12,1,14,4,1,17,23,14,1,4,4,4,4,1,4,17,14,14,0,14,0,4,10,4,10,0,1,3,14,3,0,14,12,1,0,3,4,23,14,1,3,4,17,4,0,17,14,23,12,17,1,3,3,3,3,1,3,1,1,0,10,1,19,14,10,10,14,23,23,12,10,14,4,1,3,10,10,12,0,18,14,12,4,0,0,23,12,17,10,1,10,0,4,10,14,10,3,23,14,12,14,1,1,12,14,17,17,23,1,14,4,0,0,0,0,1,14
270,17,4,3,4,8,4,3,1,12,0,0,3,10,4,1,1,3,0,4,4,18,8,10,19,1,3,17,10,0,12,4,4,4,18,4,3,9,4,3,4,4,8,18,12,0,4,4,4,4,1,4,8,10,3,0,3,8,4,10,4,4,0,1,3,3,3,0,3,0,1,0,17,4,18,3,1,3,4,17,4,4,17,17,18,3,17,4,3,3,4,3,4,1,0,1,8,10,1,19,3,10,10,3,18,18,12,10,9,4,1,3,10,10,12,0,18,18,12,18,0,0,18,12,17,10,18,18,0,18,10,9,10,3,18,12,12,3,1,10,3,17,17,9,12,1,3,18,8,8,0,8,1
271,3,0,4,12,4,17,4,12,17,12,0,0,12,10,4,1,1,12,0,4,4,12,17,12,19,12,12,17,10,0,12,4,17,4,12,23,17,9,4,17,4,12,17,4,17,12,4,4,4,4,1,4,17,10,12,0,18,17,4,10,1,1,0,1,3,12,3,0,18,0,17,0,3,4,9,18,1,3,4,17,4,9,17,12,12,12,3,4,3,3,3,3,4,3,0,3,17,10,1,19,18,10,10,3,0,0,12,10,9,4,1,3,10,0,4,0,18,23,12,4,0,0,4,12,17,9,4,10,0,4,10,9,0,3,4,12,9,17,12,9,17,12,17,9,12,1,12,4,17,12,4,12
272,23,3,0,4,3,9,17,4,12,1,12,0,0,12,10,9,23,23,12,0,3,3,12,17,9,3,12,12,10,10,0,12,4,17,4,9,23,1,9,9,17,4,12,17,10,1,9,4,4,4,4,9,4,17,0,12,0,18,17,4,10,4,10,0,1,3,12,3,0,10,9,1,0,3,4,10,12,12,3,3,1,4,9,1,12,12,12,10,1,3,3,3,0,9,3,0,3,17,9,12,19,17,10,10,12,0,0,12,9,9,4,1,3,9,0,9,0,18,23,12,4,0,0,4,12,17,9,9,10,0,4,9,9,0,3,12,12,9,17,12,9,17,12,1,17,12,1,4,4,17,12,12
273,18,18,18,0,4,3,4,17,4,3,1,12,0,0,3,10,4,1,1,0,0,4,4,12,17,10,3,12,3,1,10,0,3,4,4,4,12,3,1,10,4,17,4,12,17,4,1,12,4,4,4,4,1,4,17,0,3,0,18,17,4,10,4,1,0,1,3,3,3,0,3,23,1,0,18,4,3,3,1,3,3,1,4,0,1,1,12,3,3,1,3,3,4,0,4,1,0,1,17,10,1,19,3,10,10,3,0,0,12,10,10,4,1,3,10,0,4,0,18,23,12,4,0,0,4,18,17,10,3,10,0,18,10,3,0,3,4,12,10,17,1,10,17,3,1,17,12,1,3,4,17,17
274,4,3,3,3,0,4,3,1,17,4,3,1,12,0,0,12,10,1,1,1,0,0,1,1,1,17,3,3,1,3,1,10,0,3,1,1,4,12,3,1,9,1,17,4,1,3,4,1,1,4,4,4,4,1,4,17,0,3,0,12,17,4,10,4,10,0,1,3,3,3,0,17,9,1,0,12,4,1,3,1,3,3,1,4,0,1,3,12,3,3,1,3,3,3,0,1,3,0,1,17,10,1,19,17,10,10,3,0,0,12,10,9,4,1,3,10,0,1,0,18,23,12,4,0,0,4,12,17,10,1,10,0,3,10,9,10,1,4,12,3,17,1,1,3,3,1,9,12,1,3,4,17
275,1,3,3,3,3,1,4,3,1,17,4,3,1,12,0,0,3,17,1,1,1,0,0,1,1,1,0,10,19,3,3,17,17,0,3,0,1,4,1,19,1,10,1,3,4,1,17,4,17,1,4,4,4,4,1,4,17,10,3,0,3,0,4,10,4,1,0,1,3,3,3,1,3,23,1,0,12,4,1,3,1,3,3,17,4,0,17,1,12,3,3,1,3,3,1,0,1,3,0,3,0,10,1,19,3,17,17,3,0,3,12,10,10,17,1,3,17,0,1,0,18,23,12,4,0,0,4,12,3,10,1,17,0,3,10,3,10,1,4,12,10,3,1,10,3,3,17,3,12,1,3,4
276,23,17,3,9,17,9,0,4,3,4,17,4,3,1,17,0,0,3,10,12,23,17,14,0,4,4,12,17,9,17,17,3,1,10,0,3,4,12,4,12,14,1,9,12,17,4,12,17,9,9,12,4,4,4,4,1,4,17,0,3,0,9,0,4,10,4,4,0,1,3,14,14,0,17,9,1,0,3,4,9,9,14,17,4,1,4,0,1,14,12,3,9,1,3,9,4,0,4,14,0,9,17,10,14,17,14,10,10,14,0,9,17,10,9,10,1,3,10,10,9,0,4,23,17,4,0,0,4,3,9,9,9,10,0,4,10,9,0,3,4,17,9,17,17,12,3,14,17,9,17,1,3
277,12,17,17,3,9,9,9,0,4,3,4,17,4,3,1,17,0,0,3,10,4,1,17,0,0,4,4,12,17,9,17,17,3,1,10,0,3,4,4,4,12,9,1,9,4,17,4,12,3,9,9,12,4,4,4,4,1,4,17,0,3,0,9,3,4,10,4,4,0,1,3,9,9,0,17,9,1,0,9,4,4,9,1,17,4,1,4,0,1,1,12,3,9,4,3,9,4,0,4,9,0,9,17,10,1,17,9,10,10,9,0,9,17,10,9,4,1,3,10,10,4,0,10,23,17,4,0,0,17,3,9,9,4,10,0,9,10,9,0,3,4,17,9,9,17,12,3,12,17,9,17,1
278,3,3,1,17,3,9,3,9,1,4,3,12,10,4,3,1,17,0,0,3,10,12,1,1,0,0,4,12,12,0,17,17,17,3,1,10,0,3,0,12,4,12,23,1,9,12,3,4,12,10,9,1,12,4,4,4,4,1,4,10,0,3,0,17,0,4,10,1,1,0,1,3,3,3,1,3,9,1,0,3,4,12,3,1,17,4,1,4,4,1,1,3,3,9,4,3,9,4,0,12,1,0,9,0,10,1,17,3,10,10,3,0,9,17,10,9,4,1,3,10,10,12,0,10,23,17,4,0,0,1,3,1,1,12,10,0,9,1,9,1,3,4,17,9,3,1,12,3,3,17,9,17
279,1,18,3,17,17,3,9,25,9,17,4,3,12,17,4,3,17,17,0,0,3,10,12,1,1,0,0,12,12,18,0,17,17,1,3,17,10,0,3,0,12,4,17,18,17,17,12,17,4,12,10,9,17,18,4,4,4,4,1,4,17,0,3,0,17,17,4,10,1,1,17,1,3,18,18,1,25,23,17,0,3,4,18,18,1,17,4,17,4,17,17,1,18,3,9,12,3,9,12,0,12,17,0,9,0,10,1,17,18,10,10,18,0,9,17,10,9,4,1,3,10,10,12,0,18,17,17,4,0,0,17,3,17,1,18,10,0,9,10,9,10,3,4,17,9,17,1,12,3,18,17,17
280,0,4,18,3,17,17,3,9,18,9,0,4,3,17,17,4,3,1,17,0,0,3,10,12,1,1,0,0,4,4,12,17,9,17,1,3,1,10,0,3,4,12,17,12,18,1,10,12,17,4,12,10,9,1,12,4,4,4,4,1,4,17,0,3,0,17,12,4,10,1,1,0,1,3,18,18,0,17,9,1,0,3,4,17,18,1,3,4,1,4,0,1,1,12,3,9,4,3,9,4,0,17,18,0,1,17,10,1,17,18,10,10,18,0,0,17,10,9,10,1,3,10,10,17,0,17,23,17,4,0,0,17,3,1,9,17,10,0,4,9,9,0,3,4,17,9,18,1,9,3,18,17
281,23,17,4,12,3,12,17,3,17,18,17,0,4,3,17,12,4,3,10,12,0,0,3,10,12,1,1,0,0,4,17,12,0,10,19,12,3,17,10,0,3,0,12,17,12,17,10,10,12,18,4,12,19,17,17,12,4,4,4,4,1,4,12,0,3,0,17,12,4,10,1,1,12,1,3,18,18,12,18,10,10,0,3,4,17,18,1,3,4,17,4,12,17,1,12,3,17,4,3,17,4,0,17,18,0,17,0,10,1,17,18,17,17,18,0,0,12,10,10,17,1,3,10,10,17,0,17,23,12,4,0,0,18,3,18,10,17,17,0,4,10,10,0,3,4,12,10,18,12,10,3,18
282,12,0,10,3,12,3,0,17,3,9,9,9,0,4,3,17,0,4,3,1,12,0,0,3,10,12,1,1,0,0,17,17,12,0,9,9,12,3,12,10,12,3,0,12,17,12,17,0,9,12,0,4,12,10,9,10,12,4,4,4,4,1,4,0,0,3,0,17,0,4,10,4,4,12,1,3,18,18,12,9,9,1,0,3,17,17,18,1,3,4,18,4,12,10,1,12,3,9,12,3,9,4,0,17,18,0,9,0,10,1,17,18,10,10,9,0,0,12,10,9,10,1,3,10,10,17,0,17,0,12,4,0,0,4,3,18,9,17,10,12,9,9,9,0,3,4,12,9,18,12,9,3
283,3,18,12,17,4,17,3,12,17,3,9,9,9,0,4,3,12,12,4,3,1,17,0,0,3,10,12,1,17,0,0,4,4,12,12,9,19,17,3,17,10,0,9,4,12,4,12,18,12,10,4,12,4,12,17,9,17,12,4,4,4,4,1,4,12,0,3,0,18,12,4,10,17,1,17,1,3,18,18,17,10,9,1,0,3,4,18,18,1,3,4,17,4,10,17,1,12,3,9,4,3,3,4,0,12,18,0,9,12,10,1,17,18,10,17,9,0,0,9,10,10,17,1,3,10,0,9,0,18,18,17,4,0,0,18,3,18,10,18,10,0,4,10,10,0,3,4,17,9,18,17,10
284,18,0,18,12,10,3,12,3,12,17,3,9,18,9,0,4,3,17,12,4,3,1,12,0,0,3,10,12,1,1,0,0,17,17,12,12,9,19,12,3,1,10,1,9,17,12,17,12,17,12,12,17,12,4,12,10,9,1,12,4,4,4,4,1,4,12,0,3,0,17,12,4,10,1,1,12,1,3,18,18,12,18,9,1,0,3,17,17,18,1,3,4,1,4,12,10,1,12,3,9,17,3,3,4,0,17,1,0,9,12,10,1,12,18,10,10,18,0,0,12,10,9,10,1,3,10,0,17,0,17,23,12,4,0,0,17,3,4,1,17,10,0,9,10,9,0,3,4,12,9,18,12
285,3,9,0,4,17,10,9,12,3,17,17,3,9,9,9,0,4,3,12,17,4,3,1,12,0,0,3,10,12,1,17,0,0,12,12,12,17,9,19,12,3,1,10,23,3,4,12,3,12,23,1,12,12,17,4,12,10,9,1,12,4,4,4,4,1,4,17,0,3,0,18,12,4,10,1,1,12,1,3,3,3,12,17,9,1,0,3,12,12,3,1,3,4,1,4,12,1,1,12,3,9,12,3,3,4,0,12,3,0,3,17,10,1,12,18,10,10,3,0,0,3,10,9,1,1,3,10,0,12,0,18,18,12,4,0,0,17,3,4,10,12,10,0,9,10,9,0,3,4,1,9,3
286,18,12,9,0,18,12,10,9,18,17,12,17,12,10,18,10,0,4,12,17,12,4,18,1,17,0,0,12,10,17,19,10,12,0,17,17,12,12,10,19,10,12,1,10,1,12,17,12,17,12,17,9,17,17,12,4,12,12,10,1,12,4,4,4,4,12,4,12,0,12,0,18,12,4,10,19,4,17,3,3,18,3,17,18,0,1,0,3,17,18,3,12,3,4,1,4,17,1,12,12,12,10,17,3,3,3,0,17,3,0,3,12,10,12,17,18,10,10,18,0,3,12,10,10,1,12,3,10,0,17,0,9,12,17,4,0,0,4,12,18,10,18,10,0,9,10,18,0,3,4,1,10
287,4,17,12,10,0,18,17,1,3,18,12,17,17,12,1,18,1,0,4,12,12,17,12,18,1,12,0,0,12,10,12,1,17,12,0,12,12,12,17,10,19,28,12,1,10,23,12,12,12,12,12,23,3,12,12,17,4,12,10,4,1,12,4,4,4,4,1,4,17,0,12,0,18,0,4,10,1,1,0,1,3,18,3,0,17,0,1,0,3,12,12,18,1,3,4,1,4,0,1,1,4,12,1,12,3,3,3,0,12,3,0,3,17,10,1,19,18,10,10,18,0,3,12,10,10,1,1,3,10,10,12,0,18,18,18,4,0,0,4,12,1,10,12,10,0,3,10,1,0,3,4,0
288,18,1,12,3,10,4,4,12,10,4,10,3,12,12,3,9,10,9,4,4,3,12,12,4,18,1,3,0,0,3,10,12,1,12,18,12,4,4,4,12,10,9,28,3,1,10,0,3,0,12,10,9,0,4,3,0,12,4,12,10,4,9,0,4,4,4,4,1,4,12,4,3,10,10,12,4,10,1,9,3,1,1,18,1,4,10,0,4,10,3,4,4,18,1,9,4,9,4,9,1,9,4,3,9,9,3,9,4,10,12,1,0,10,12,10,1,19,18,10,10,18,10,0,3,10,9,10,1,1,10,10,9,0,18,18,18,4,0,0,4,3,9,9,4,10,4,9,9,9,0,1,4
289,19,12,1,17,3,10,0,18,17,9,9,18,3,17,17,3,9,3,9,0,4,3,12,12,4,18,1,3,0,0,3,10,12,1,17,3,17,12,12,18,17,10,19,28,3,1,10,0,3,12,12,12,12,19,18,3,12,17,4,12,10,17,9,12,4,4,4,4,1,4,17,0,3,0,18,0,4,10,1,4,0,1,1,18,1,0,17,0,18,3,3,12,18,18,1,9,4,9,4,4,1,9,18,3,9,12,3,9,3,3,12,1,0,9,17,10,1,1,18,10,10,18,0,0,3,10,10,9,1,1,10,10,12,0,1,1,18,4,0,0,17,3,9,10,18,0,0,9,10,9,0,1
290,3,12,12,18,17,3,4,0,18,17,31,9,18,3,17,17,3,9,3,9,0,4,3,12,17,12,18,18,9,0,0,8,10,8,17,8,9,0,12,12,18,17,10,10,1,3,17,10,0,9,12,1,12,8,8,18,9,12,17,4,12,10,4,17,12,4,4,4,4,1,4,8,0,18,0,18,1,4,10,1,17,0,8,1,18,18,0,3,9,18,0,3,12,18,18,8,9,4,17,4,9,17,17,18,1,9,12,3,9,9,3,12,17,12,9,8,10,8,12,18,10,10,18,0,0,9,10,9,31,1,3,10,0,12,0,8,23,1,4,0,0,4,3,17,10,18,0,0,9,10,9,0
291,18,3,9,9,32,17,3,10,0,18,17,10,9,10,3,17,4,3,9,17,9,0,4,3,12,17,12,18,1,9,0,0,3,10,12,1,1,9,17,12,12,18,17,10,4,1,3,1,10,0,9,12,12,12,12,23,18,9,12,17,4,12,10,4,9,12,4,4,4,4,1,4,17,0,3,0,18,1,12,10,1,1,0,1,1,18,18,1,23,9,18,17,3,12,18,18,1,9,18,9,4,4,1,1,18,3,9,12,3,9,12,0,12,1,0,9,17,10,1,9,18,10,10,18,0,9,9,10,9,3,1,3,10,10,9,0,18,23,1,18,0,0,4,3,9,4,18,10,0,9,4,9
292,1,9,9,9,9,18,17,3,17,0,12,17,9,4,18,3,17,9,3,9,18,9,0,4,3,9,17,4,12,1,9,0,0,3,10,12,1,1,9,0,12,12,12,17,18,10,1,3,1,10,18,9,4,12,4,12,3,17,9,12,17,4,12,10,17,17,12,4,4,4,4,1,4,17,0,3,0,18,1,4,10,1,1,3,1,1,18,18,1,10,9,17,18,18,4,12,18,1,9,4,17,4,9,1,3,3,3,9,12,3,9,4,0,12,1,9,9,17,10,1,9,18,10,10,18,0,9,9,10,10,17,1,18,10,0,9,0,18,18,1,4,0,0,12,9,17,10,12,10,0,4,10
293,9,0,9,3,0,0,10,12,3,12,12,18,12,10,3,10,3,12,12,3,9,3,3,12,4,3,0,12,12,18,1,9,0,0,3,10,12,1,12,3,12,12,12,18,12,9,9,10,3,1,10,0,9,0,1,0,12,23,3,9,0,12,4,12,10,9,9,0,4,4,4,4,1,4,12,9,3,0,18,1,4,10,1,1,9,1,1,4,1,1,18,0,4,9,9,12,18,20,1,3,4,9,4,9,1,3,4,1,9,12,3,9,12,0,12,1,0,9,12,10,1,9,18,10,10,9,0,0,9,10,9,9,1,3,10,10,9,0,18,18,18,4,0,0,4,3,9,9,18,10,9,3
294,0,3,4,9,3,9,9,3,12,3,4,0,12,12,17,0,10,0,12,9,3,9,0,3,0,4,3,9,12,4,12,10,9,0,12,3,17,12,1,1,3,12,12,12,12,12,3,9,3,0,17,17,10,9,4,17,4,12,23,3,9,4,12,4,12,17,3,17,12,4,4,4,4,1,4,17,10,3,10,10,12,4,10,1,1,0,1,1,10,1,0,18,9,10,3,0,4,12,3,1,3,0,17,4,3,17,3,12,0,9,12,3,3,0,0,12,1,9,9,12,10,1,9,18,17,17,10,10,10,9,10,9,3,1,1,17,10,9,0,18,3,18,4,0,0,12,9,17,10,12,3,0
295,17,10,3,0,9,3,9,9,18,17,3,17,3,18,17,10,3,10,3,17,12,3,9,3,3,12,4,3,9,17,4,18,18,9,0,0,3,10,12,1,3,9,17,3,3,18,17,18,9,28,3,1,10,0,18,0,1,9,12,3,18,9,0,17,4,17,10,18,33,12,4,4,4,4,9,4,17,10,18,0,18,17,4,10,1,1,3,18,3,18,3,1,10,9,18,17,3,3,18,18,9,17,4,1,4,3,1,1,18,3,18,9,3,3,3,0,17,1,9,9,17,10,9,9,18,10,10,18,0,0,9,10,9,3,9,3,10,10,9,0,28,9,18,4,0,0,12,3,4,10,18,10
296,3,17,10,3,0,9,3,0,0,17,17,3,3,3,12,17,10,3,10,3,17,1,3,9,3,3,3,4,3,0,17,4,12,17,9,0,0,3,17,12,1,1,3,17,12,12,12,0,17,9,28,3,17,10,0,9,0,12,0,12,3,17,9,0,17,4,12,17,17,17,12,4,4,4,4,1,4,17,10,17,10,3,17,4,10,1,1,3,1,3,17,1,17,3,0,17,17,3,4,12,28,1,17,4,17,4,3,17,1,12,3,9,12,3,3,3,0,17,1,0,9,3,10,1,0,17,10,10,9,10,10,9,10,9,3,1,3,10,10,9,0,28,3,9,4,0,0,12,3,4,10,12
297,17,12,1,10,3,17,9,3,9,9,17,17,17,17,0,12,17,10,4,10,3,17,1,3,9,3,3,8,4,3,9,8,4,12,1,9,0,0,3,1,12,1,1,3,0,12,12,12,0,17,9,28,3,1,10,28,17,4,12,9,12,8,1,9,9,17,4,12,10,17,1,12,4,4,4,4,1,4,8,10,17,10,18,0,4,10,1,1,0,1,3,17,1,0,18,9,1,17,3,4,12,28,1,17,4,1,4,0,1,1,12,3,9,12,3,3,4,0,17,1,9,9,8,10,1,9,18,10,10,12,10,10,9,10,9,3,1,3,10,10,9,0,8,8,9,4,0,0,12,3,4,10
298,12,17,3,1,10,12,0,9,18,0,9,18,17,3,17,1,18,17,10,4,10,18,17,12,3,9,18,18,12,4,3,12,17,4,18,1,9,0,0,3,10,12,1,1,3,17,12,12,12,17,3,9,18,3,1,10,0,3,0,18,0,12,18,1,9,0,12,4,12,10,12,1,12,4,4,4,4,1,4,17,10,3,0,18,1,4,10,1,1,9,1,1,18,18,1,10,9,1,18,18,4,18,18,1,17,4,1,4,17,1,3,12,3,9,12,18,18,4,0,12,18,0,9,17,10,1,9,18,10,10,18,0,0,9,10,9,3,1,18,10,10,9,0,18,18,18,4,0,0,12,9,4
299,3,0,17,3,17,10,3,0,9,3,0,0,17,17,3,4,3,18,17,10,3,10,9,17,23,3,9,3,3,3,4,3,0,17,4,18,1,9,0,0,3,17,3,1,1,0,17,3,3,18,17,4,9,10,3,17,10,0,17,0,17,0,17,23,17,9,0,17,4,17,17,17,17,17,4,4,4,4,1,4,17,3,3,0,18,1,4,10,1,1,9,1,1,4,3,1,18,0,17,3,3,17,18,23,1,17,4,17,4,9,17,3,4,3,17,9,3,3,3,0,17,1,0,10,17,10,1,9,18,10,17,18,0,10,9,10,9,3,1,3,10,10,9,0,3,3,17,4,0,0,17,9
300,10,17,1,17,12,17,10,3,4,9,3,9,9,14,0,4,4,14,4,17,10,3,10,0,0,9,3,9,3,3,12,4,3,9,12,12,1,1,9,0,0,12,10,12,1,0,3,0,12,12,12,0,14,9,10,1,1,10,1,4,4,12,4,12,0,1,0,12,12,4,12,10,1,17,12,4,4,4,4,14,4,17,10,14,10,1,0,12,10,1,14,0,1,1,14,14,1,0,9,1,14,17,1,4,17,14,0,1,17,4,0,1,14,0,1,9,12,3,17,12,1,12,14,9,9,0,10,9,9,14,10,10,14,10,10,9,10,9,17,1,3,10,10,9,0,3,3,1,4,1,0,4
301,4,9,17,1,17,12,17,10,12,4,9,3,9,9,17,17,4,4,1,3,17,10,3,10,3,17,1,3,9,3,3,12,4,3,9,12,12,1,1,9,0,0,3,10,12,1,0,9,0,12,12,12,0,17,9,17,1,1,10,23,4,4,12,9,12,0,1,0,4,17,4,12,10,17,17,12,4,4,4,4,9,4,17,10,17,10,3,0,17,10,1,1,0,1,1,17,1,0,3,9,4,17,17,1,12,17,9,17,1,17,4,0,1,17,0,1,9,12,3,17,12,1,17,1,9,9,0,10,9,9,17,10,10,9,10,10,9,10,9,17,9,3,10,10,9,0,3,3,9,4,1,0
302,10,34,17,17,34,17,14,17,10,3,9,9,34,9,9,17,17,3,4,14,18,17,10,4,10,3,17,9,3,9,3,34,34,4,3,9,34,4,18,18,35,34,9,3,18,14,12,3,9,17,14,14,14,17,3,9,10,3,1,10,12,4,9,18,9,12,3,34,3,9,12,4,17,10,34,17,12,4,4,4,4,17,4,17,10,14,10,3,17,12,10,18,18,3,12,3,14,14,17,3,9,1,17,17,1,18,17,14,17,4,17,4,17,17,17,17,3,34,12,3,17,4,3,12,14,9,9,3,10,9,9,14,10,10,14,9,10,9,10,12,17,17,3,10,10,9,9,3,3,34,4,9
303,36,0,18,9,18,18,17,12,17,0,12,3,9,18,9,9,18,17,3,3,18,18,17,10,1,10,0,17,4,3,9,18,18,12,4,17,9,12,12,1,17,9,0,9,12,17,12,9,0,9,17,12,12,12,17,17,9,1,1,17,17,9,4,9,1,9,12,0,17,0,9,12,4,12,17,17,17,12,4,4,4,4,9,4,17,10,17,10,10,1,12,10,1,1,0,10,1,18,18,1,3,9,10,18,18,17,18,18,9,17,1,17,4,0,17,17,0,1,9,12,3,18,12,3,12,18,9,9,0,18,9,9,18,10,17,18,9,17,9,10,9,18,1,18,10,10,9,0,18,3,1,4
304,10,17,0,3,9,18,3,17,10,18,10,12,3,9,3,9,9,18,17,3,3,18,3,17,17,4,10,0,17,9,12,9,3,3,12,4,3,9,12,4,3,1,9,0,9,12,17,12,12,0,9,17,12,12,12,17,3,9,3,3,17,17,1,17,9,17,9,12,0,1,0,9,12,4,12,17,3,17,12,4,4,4,4,9,4,17,10,3,10,10,17,4,10,18,9,0,12,3,10,18,17,18,9,1,18,18,17,1,18,9,17,4,17,4,17,17,17,0,3,17,12,3,18,4,3,12,18,9,9,12,10,9,9,18,17,17,10,10,1,9,10,9,18,9,18,17,4,9,0,3,3,9
305,1,1,17,17,34,9,18,34,17,10,17,10,3,4,1,34,9,9,18,17,4,4,18,1,17,10,3,10,3,17,9,3,1,3,34,12,4,3,9,12,4,18,1,1,34,9,12,17,12,12,18,9,17,12,12,12,17,3,1,9,3,17,17,1,4,4,17,9,12,18,34,9,4,12,4,12,17,34,17,12,4,4,4,4,9,4,17,10,4,10,10,17,12,10,18,18,3,12,3,18,18,17,17,9,1,18,3,18,1,18,9,17,3,17,4,17,17,17,17,3,34,12,3,18,3,3,12,18,9,9,17,10,9,9,18,10,17,1,10,10,9,10,9,31,9,3,10,10,9,17,18,3
306,18,12,12,12,1,34,9,18,34,3,12,1,10,12,3,34,34,9,9,18,12,3,3,18,1,3,10,12,10,33,12,9,3,34,12,34,12,4,3,9,12,4,3,1,34,34,12,4,10,12,1,1,9,12,12,12,12,12,3,34,10,3,1,10,1,4,4,12,9,12,1,34,1,9,12,4,12,1,3,33,12,4,4,4,4,9,4,12,10,3,10,12,12,4,10,18,1,33,1,3,18,18,1,1,9,1,18,18,1,1,18,9,3,33,1,4,34,1,3,12,3,34,12,3,18,12,3,12,18,9,9,12,10,9,9,18,10,10,34,9,1,9,10,10,31,9,18,10,10,9,1,18
307,1,17,12,17,17,0,34,17,17,34,17,10,1,10,3,9,9,34,9,9,14,0,4,4,14,4,3,10,3,10,3,17,9,3,9,3,34,12,4,3,9,12,12,3,10,9,34,17,12,10,12,1,0,3,17,12,12,10,17,3,9,10,3,1,10,12,4,4,17,9,12,0,34,0,9,12,4,17,10,34,10,12,4,4,4,4,17,4,17,10,3,10,10,17,12,10,14,14,0,12,3,10,14,17,1,9,10,14,3,1,10,17,14,0,3,1,4,0,1,3,17,3,34,12,3,17,3,3,12,14,9,9,0,10,9,9,14,10,10,10,10,0,9,10,9,17,17,3,10,10,9,0
308,34,0,0,17,17,17,0,34,1,18,34,17,10,17,0,18,3,9,34,9,9,18,17,3,3,18,0,17,10,4,10,0,17,9,12,9,10,34,10,4,3,9,12,4,12,10,9,34,17,12,17,12,1,0,34,17,12,12,10,17,3,9,0,3,17,17,12,4,4,12,3,12,0,34,0,12,17,4,17,17,3,17,12,4,4,4,4,1,4,17,10,3,10,10,17,4,10,1,1,0,1,3,10,18,1,17,9,10,18,18,1,10,18,1,17,4,17,4,34,17,1,17,3,9,12,3,18,4,3,17,1,9,9,17,10,1,9,18,17,17,10,10,10,9,10,9,18,1,18,17,10,9
309,1,34,0,0,0,1,1,17,34,0,17,34,17,10,17,0,3,9,1,34,9,9,17,17,4,4,10,1,17,17,3,10,3,17,9,17,1,3,34,10,4,3,9,34,4,8,1,1,0,9,8,17,8,12,0,9,17,10,9,1,9,3,1,0,3,17,17,8,4,9,17,9,8,0,34,0,9,17,4,1,17,34,17,9,4,4,4,4,9,4,17,10,17,10,10,0,12,17,10,1,0,8,3,10,10,12,17,9,1,10,3,12,17,17,8,17,3,17,4,17,17,17,0,3,34,12,3,17,3,3,9,10,9,9,8,10,8,9,10,17,17,1,10,17,17,10,12,17,12,3,8,4
310,34,0,12,0,17,12,17,1,0,34,17,18,34,17,10,12,0,3,9,1,3,9,9,18,12,3,4,18,0,17,10,4,10,10,17,9,3,3,4,3,12,4,3,9,12,4,12,10,1,34,9,12,10,12,12,0,9,17,4,4,12,17,34,1,1,34,4,10,12,4,9,12,9,12,0,12,0,9,12,4,12,10,34,10,12,4,4,4,4,17,4,12,10,3,10,10,17,4,10,18,18,0,12,3,10,18,17,10,9,10,18,18,4,10,18,17,3,4,10,4,3,10,3,17,34,10,4,3,18,4,34,12,18,9,9,12,10,9,9,10,10,10,10,10,0,9,10,1,10,17,4,10
311,3,0,0,12,0,0,17,4,1,1,34,1,0,34,31,3,1,0,3,9,1,34,9,9,17,17,3,4,3,0,31,10,3,10,3,17,9,3,1,3,34,12,4,3,9,12,4,12,10,1,34,9,12,1,12,1,0,9,17,3,3,12,9,3,10,17,3,1,1,12,4,9,12,9,12,0,34,0,9,12,4,12,10,34,1,12,4,4,4,4,1,4,12,10,3,10,10,1,0,10,1,1,0,1,3,3,3,1,1,9,10,0,3,31,10,0,1,17,3,1,10,17,1,3,4,3,34,0,3,3,3,3,17,1,9,9,12,10,1,9,18,10,1,1,10,10,9,10,1,31,1,3
312,29,0,18,0,12,0,0,0,12,9,17,34,0,17,34,17,10,17,18,3,4,9,3,3,9,17,17,4,4,18,18,17,17,3,10,0,12,9,17,9,0,3,12,4,17,9,12,4,12,10,9,0,12,12,17,12,12,18,3,0,12,12,12,12,34,10,17,17,17,17,12,4,4,12,4,12,18,12,18,4,34,4,12,17,34,17,12,4,4,4,4,18,4,12,10,4,10,10,0,12,17,18,18,0,12,0,10,18,0,17,9,10,18,17,12,10,18,12,3,33,17,4,3,17,17,12,0,9,12,0,17,12,34,3,18,9,9,12,10,18,9,17,17,17,10,10,29,17,10,9,17,0
313,36,14,18,12,0,17,0,9,0,4,17,0,34,9,18,34,17,14,12,0,18,9,1,34,9,9,18,12,3,12,18,0,17,10,3,14,10,17,9,3,1,17,34,14,4,3,9,17,4,12,12,1,34,9,12,10,12,1,0,9,17,14,14,14,9,3,1,10,3,17,10,12,4,9,12,9,12,0,34,0,12,12,4,12,17,34,10,12,4,4,4,4,9,4,17,14,14,12,12,17,12,10,18,1,0,12,3,14,18,17,10,9,1,18,18,17,14,18,9,12,3,10,4,1,10,3,4,3,34,12,3,18,18,9,12,18,9,9,17,17,9,9,14,10,10,14,14,0,9,10,1,10
314,3,0,14,3,18,0,34,0,0,0,18,17,1,34,0,17,34,17,14,1,0,3,9,17,34,9,9,17,1,4,8,3,18,17,17,3,10,0,17,9,17,17,3,34,8,4,17,9,34,4,14,1,17,0,9,8,1,9,12,0,17,17,14,9,9,9,14,10,17,14,1,17,8,4,4,14,9,8,0,34,0,9,34,4,9,10,34,17,9,4,4,4,4,18,4,34,10,14,10,10,0,4,17,18,18,0,8,3,14,3,3,1,9,10,18,3,12,14,17,8,17,3,1,4,17,1,17,9,14,34,12,3,17,3,8,1,3,9,9,8,34,8,9,14,17,17,14,10,17,17,10,12
315,17,12,0,3,3,0,0,12,0,0,0,12,1,17,34,0,17,34,17,10,17,0,3,9,1,34,9,9,1,17,3,4,3,0,17,17,3,10,3,12,9,3,1,3,34,12,4,3,9,12,4,12,10,1,0,12,12,17,12,12,0,9,12,3,3,12,12,3,10,1,3,17,17,12,4,9,12,9,12,0,34,0,9,12,4,12,17,34,17,12,4,4,4,4,12,4,12,10,3,10,10,12,12,17,3,1,0,12,3,10,3,12,17,9,10,0,3,34,10,17,12,17,3,17,10,17,17,3,12,3,34,12,3,17,3,9,17,3,9,9,12,10,9,9,3,17,17,10,10,17,9,10
316,0,12,12,0,14,14,0,0,12,0,0,0,12,1,1,34,0,17,34,17,14,34,0,3,9,1,3,9,9,1,1,3,9,14,0,34,17,3,14,3,12,4,3,1,3,3,14,4,3,9,12,4,12,1,1,0,12,12,17,12,12,0,9,12,14,14,12,12,34,1,1,34,17,17,12,4,12,12,9,12,0,1,0,9,12,4,12,17,34,17,12,4,4,4,4,9,4,12,14,14,12,12,12,12,17,19,4,0,12,3,14,14,12,17,9,1,0,3,34,1,17,14,1,3,17,12,1,17,1,12,3,17,12,3,17,14,9,12,4,9,9,12,34,9,9,14,17,17,14,14,1,9
317,0,4,18,12,18,14,0,18,0,34,0,0,0,12,0,37,34,0,17,34,17,14,17,18,14,9,0,34,9,9,0,0,3,4,14,18,17,17,3,14,3,0,9,3,10,14,34,14,4,3,9,34,4,12,10,0,0,9,12,17,12,12,18,9,0,14,14,14,9,3,10,0,3,17,17,12,4,9,12,9,12,18,34,18,9,12,4,12,17,34,17,12,4,4,4,4,18,4,17,14,3,10,10,0,12,17,18,4,0,12,3,14,14,0,9,9,10,18,14,34,10,18,14,0,3,17,10,0,17,3,12,3,34,12,3,17,14,9,12,14,9,9,12,34,9,9,14,17,17,14,14,10
318,9,4,3,18,12,18,14,0,18,0,34,0,0,0,1,0,37,34,0,17,34,17,14,17,18,3,9,0,3,9,9,0,0,9,9,14,18,17,17,3,14,17,0,9,17,3,3,3,14,4,17,9,12,4,1,1,0,0,9,12,17,1,34,18,9,0,14,14,14,9,4,1,0,1,1,17,12,4,9,1,9,12,18,34,18,9,12,34,1,17,34,17,12,4,4,4,4,1,4,17,14,14,12,3,0,12,17,18,4,0,12,3,14,14,1,34,9,1,18,3,1,14,18,14,0,3,17,12,0,17,4,0,1,34,12,3,17,3,9,12,14,9,9,12,3,9,9,14,17,17,14,14
319,1,9,4,3,18,12,18,14,0,18,0,34,0,0,0,0,0,1,34,0,17,34,17,14,1,18,3,9,0,34,9,9,0,1,1,4,18,18,17,17,3,14,17,0,9,17,1,3,34,12,4,17,9,34,4,12,1,0,0,9,12,1,14,12,18,9,0,14,14,14,9,4,1,0,17,1,17,12,4,9,14,9,12,18,34,18,9,12,4,17,19,34,17,12,4,4,4,4,18,4,34,18,14,12,3,0,12,17,18,1,0,12,3,14,3,0,9,9,1,18,3,34,14,18,12,1,3,1,1,1,1,1,0,0,34,12,3,17,3,9,12,3,9,9,12,34,9,9,14,17,17,14
320,36,34,1,4,18,18,12,18,12,3,18,0,34,18,0,0,0,1,1,34,0,18,34,10,12,1,18,3,9,1,34,9,9,1,1,1,9,18,18,10,10,3,10,3,1,9,12,1,3,34,12,4,3,9,17,4,12,1,1,0,9,12,1,12,34,18,9,0,12,12,12,9,4,1,1,12,17,17,12,4,4,17,9,12,18,34,18,9,4,34,17,10,34,17,12,4,4,4,4,0,4,17,10,12,10,10,0,4,10,18,1,0,12,3,4,3,0,9,9,1,18,3,10,10,18,12,1,3,1,4,1,1,1,0,0,34,12,3,3,3,9,1,3,9,9,17,10,9,1,18,10,10
321,14,4,34,34,4,38,39,34,0,14,14,1,0,39,0,0,0,1,1,34,34,0,17,34,17,14,17,0,3,9,1,34,9,9,1,34,3,12,14,1,17,17,3,14,3,1,9,3,1,3,34,14,4,3,9,12,4,1,1,1,0,9,12,1,1,34,0,9,0,14,14,1,9,4,1,1,3,1,1,12,4,9,1,9,12,0,34,0,9,34,4,1,12,34,17,39,4,4,4,4,1,4,17,14,14,12,12,0,4,17,1,1,0,12,3,14,14,1,34,9,1,39,3,34,40,17,14,1,3,17,12,1,17,1,0,3,34,39,3,17,14,9,34,14,9,9,12,12,9,1,14,12
322,1,1,4,1,1,4,18,18,12,18,14,0,18,0,34,18,0,0,1,1,1,34,0,18,34,12,14,34,18,3,9,1,3,9,9,1,1,3,9,14,18,34,12,3,14,1,1,4,12,1,3,3,12,4,3,9,34,4,1,12,1,0,1,12,1,1,12,18,9,1,14,14,1,9,4,1,0,1,1,1,12,4,4,1,9,1,18,34,18,9,12,4,1,0,34,34,1,4,4,4,4,1,4,34,14,14,12,12,0,4,12,18,4,0,12,3,14,14,1,1,9,1,18,3,34,40,18,9,1,3,34,4,1,1,1,1,1,1,12,3,3,3,9,12,4,9,9,1,34,9,1,14
323,1,1,17,4,34,12,4,14,17,12,0,17,17,0,0,34,0,0,0,1,1,1,34,9,17,34,17,14,1,0,17,9,1,34,9,9,17,17,9,9,14,0,17,17,14,14,17,17,1,17,1,14,34,34,4,17,9,34,4,1,1,1,0,1,12,0,1,1,0,9,17,14,14,1,9,12,1,33,1,1,1,12,4,9,1,9,12,0,34,0,9,12,4,1,4,34,0,1,4,4,4,4,1,4,34,14,14,12,14,1,12,17,1,1,0,12,17,14,14,1,4,9,1,0,14,1,40,17,9,17,33,1,12,17,1,17,1,1,34,12,17,17,14,9,12,1,9,9,1,14,9,1
324,14,9,1,0,4,0,41,41,18,34,10,18,14,0,18,0,34,0,0,0,1,9,4,34,0,18,34,10,14,1,18,3,9,0,3,9,9,0,0,3,9,14,18,34,10,3,14,0,34,1,3,10,3,3,14,4,3,9,34,4,1,10,35,0,1,14,41,1,1,18,3,0,14,14,1,34,10,10,35,1,1,1,10,4,10,1,9,1,18,34,18,9,34,4,1,1,34,1,1,4,4,4,4,1,4,34,14,14,10,10,0,10,10,1,1,0,10,3,10,14,1,41,9,10,18,3,1,10,18,14,3,3,1,10,0,1,3,1,1,41,14,3,3,14,9,10,1,9,9,1,10,9
325,12,12,9,1,17,4,34,12,12,3,17,12,0,14,17,0,0,34,0,0,0,1,1,4,34,0,3,34,14,14,34,0,3,9,1,34,9,9,17,17,9,9,3,0,17,1,3,14,0,17,1,14,1,3,34,14,4,3,9,34,4,1,1,1,0,1,14,0,1,1,0,14,17,14,14,1,17,12,1,28,1,1,1,28,4,9,1,9,1,0,34,0,9,12,4,1,4,12,0,1,4,4,4,4,1,4,34,14,14,12,3,1,12,14,1,1,0,1,3,12,3,1,4,9,1,12,3,34,14,3,14,17,3,34,4,17,34,17,1,1,12,14,3,3,3,9,12,1,9,9,1,34
326,34,14,12,9,1,12,4,34,12,12,0,34,12,0,14,1,0,0,34,0,0,12,1,1,4,34,9,17,34,17,14,34,0,17,9,1,34,9,9,1,12,9,9,14,0,17,17,3,14,12,12,1,3,1,14,34,14,4,3,9,34,4,3,1,1,0,1,14,0,14,1,0,3,12,14,14,1,12,3,1,40,3,1,1,19,4,9,1,9,14,0,34,0,9,12,4,1,19,34,0,9,4,4,4,4,1,4,34,14,14,12,14,1,4,17,1,1,0,1,3,14,14,1,12,9,1,0,3,34,40,17,14,17,3,34,4,4,34,3,1,3,34,14,3,17,14,9,12,1,9,9,1
327,12,0,3,12,9,1,0,4,34,12,12,0,17,14,0,14,1,0,0,34,0,9,12,1,1,4,34,9,17,34,17,14,34,0,3,9,0,34,9,9,1,12,9,9,14,0,12,17,3,14,3,12,1,14,0,3,34,14,4,3,9,34,4,14,0,3,0,1,14,0,14,0,0,14,12,14,14,1,12,12,0,3,3,1,1,23,4,9,1,9,14,0,34,0,9,12,4,1,1,34,34,9,4,4,4,4,1,4,34,3,14,12,3,1,0,17,1,1,0,1,3,12,1,1,17,9,0,17,3,34,14,17,14,12,3,34,4,0,34,12,1,3,17,17,3,3,3,9,12,1,9,9
328,36,12,0,14,12,9,9,0,4,34,12,4,0,17,12,17,14,0,4,9,34,17,0,12,1,1,1,34,4,17,34,17,14,12,0,3,9,0,34,34,9,0,12,9,9,14,17,17,17,3,14,3,17,12,3,9,14,34,14,4,3,34,34,4,3,17,0,0,1,14,1,34,0,17,34,17,14,14,1,34,0,0,0,3,1,1,9,4,4,1,4,12,0,34,17,34,12,4,1,0,34,1,34,4,4,4,4,1,4,34,14,14,12,14,1,0,17,1,17,0,12,3,0,14,1,1,9,9,17,3,12,9,17,14,17,3,1,4,17,1,17,1,3,1,17,3,3,14,9,12,0,9
329,17,14,12,0,14,12,9,1,17,4,34,12,12,0,17,14,0,14,14,0,0,17,0,9,12,12,17,4,34,1,17,34,17,14,17,0,17,9,1,14,34,9,12,12,9,9,14,0,17,0,34,14,12,17,1,14,1,14,34,14,4,17,12,14,4,12,1,1,0,12,14,0,12,1,0,34,17,14,14,12,17,0,0,1,12,34,17,9,4,4,12,4,12,0,34,0,4,12,4,12,1,34,9,12,4,4,4,4,12,4,17,0,14,0,14,1,0,0,1,1,0,1,1,0,14,1,34,9,1,0,14,14,9,0,14,17,34,17,4,17,17,17,12,12,34,0,1,17,14,9,12,1
330,17,4,14,12,0,10,12,9,9,12,4,34,12,12,0,17,14,0,14,12,0,0,17,0,9,12,12,17,4,34,12,17,34,17,14,4,0,3,9,0,34,34,9,12,12,9,9,17,0,17,17,3,14,12,17,12,14,9,3,34,14,4,3,12,17,4,34,34,34,0,12,14,0,12,0,0,34,12,14,12,12,12,34,0,3,34,17,17,9,4,9,12,12,12,0,34,0,12,12,17,12,17,34,9,12,4,4,4,4,12,4,17,10,14,10,10,17,0,17,10,4,0,0,3,34,3,17,17,9,9,17,3,34,9,17,14,17,3,17,4,0,17,12,12,34,17,0,3,3,3,9,12
331,14,4,4,14,12,1,10,12,9,1,12,4,12,12,12,18,18,12,18,14,12,18,0,34,18,0,12,1,1,4,34,0,17,34,17,14,12,18,17,9,1,34,9,9,12,12,9,9,14,18,17,10,14,14,12,1,12,14,1,14,34,14,4,17,12,34,4,17,1,1,0,1,14,18,14,1,18,17,12,14,14,1,12,17,1,0,17,1,1,9,4,9,1,0,12,18,34,18,9,12,4,1,0,34,33,9,4,4,4,4,1,4,34,10,14,12,14,0,12,17,18,1,0,12,0,14,14,0,12,9,1,18,14,12,9,18,14,17,14,34,4,12,34,17,1,0,34,14,0,17,14,9
332,0,18,4,0,14,12,0,14,12,9,9,0,4,34,12,12,0,18,12,0,18,18,0,0,34,0,0,12,1,1,4,34,4,18,34,3,14,1,0,3,9,0,34,9,9,18,12,9,9,18,0,17,18,14,14,3,17,18,14,9,14,34,14,4,3,12,34,4,3,0,1,0,1,14,1,14,0,18,3,17,14,14,1,12,0,0,3,3,1,1,9,4,4,1,4,12,0,34,0,4,12,4,1,0,34,1,9,4,4,4,4,1,4,34,14,14,12,14,1,0,14,1,18,0,18,3,14,18,1,34,9,9,18,14,34,9,18,18,17,3,1,4,0,1,17,1,1,34,14,3,3,14
333,33,4,18,4,0,17,12,0,10,12,9,9,0,4,12,12,12,0,18,12,12,18,18,0,9,34,0,0,12,1,1,4,34,0,18,34,17,10,34,0,17,9,0,3,12,12,0,12,9,9,18,9,17,18,3,1,3,34,18,17,9,3,3,10,4,17,12,34,4,17,9,1,0,1,3,0,1,12,18,17,12,4,4,1,12,17,34,33,17,1,1,9,4,4,1,12,1,0,34,0,4,12,4,1,3,34,33,1,4,4,4,4,1,4,34,10,10,10,10,1,4,17,10,18,0,18,3,10,18,1,12,9,9,18,3,34,9,18,18,17,3,34,4,0,34,17,1,1,12,12,3,17
334,1,1,4,14,4,0,17,12,0,0,1,9,1,0,4,3,12,0,0,14,12,0,14,0,0,0,34,0,0,0,1,1,4,34,0,17,34,17,14,1,0,3,9,0,34,9,9,3,12,12,12,14,1,17,1,3,1,0,1,1,17,3,0,3,14,4,17,9,34,4,17,1,1,0,9,14,1,1,1,1,3,0,9,3,1,9,0,34,33,17,1,17,9,4,9,1,0,1,0,34,0,9,1,4,1,0,34,33,9,4,4,4,4,1,4,34,14,14,12,14,0,0,17,1,1,0,12,0,14,14,0,34,9,1,14,33,12,1,14,14,3,33,34,4,0,34,3,1,1,34,12,0
335,1,9,12,4,17,4,4,14,12,12,3,12,9,17,17,4,34,12,12,12,18,12,18,14,17,18,9,34,18,9,9,1,1,4,34,9,17,12,17,14,17,18,17,9,17,34,9,9,17,12,9,12,14,18,17,17,3,1,3,17,12,14,17,3,34,14,4,17,12,34,4,14,17,1,1,1,14,17,14,12,18,34,17,14,14,1,12,12,17,3,17,1,17,9,14,9,1,9,14,18,34,18,9,12,4,1,17,12,17,9,4,4,4,4,1,4,34,3,14,12,3,1,12,17,3,17,12,12,3,12,3,1,17,9,17,18,3,12,14,18,14,17,3,17,4,17,17,17,1,1,34,18
336,9,12,0,12,4,18,4,1,17,12,12,0,12,9,9,0,4,3,1,12,12,18,12,0,18,0,18,0,34,0,0,0,18,9,1,34,0,18,34,17,17,1,1,3,9,12,34,3,9,3,9,9,9,18,18,17,18,3,12,0,34,12,17,3,0,3,34,4,17,12,34,4,17,12,18,0,12,17,1,12,12,18,3,0,12,12,12,12,12,19,17,17,1,1,9,4,4,12,0,12,0,34,0,12,12,4,12,0,34,1,12,4,4,4,4,18,4,34,18,17,12,19,0,12,17,18,18,0,12,17,12,18,0,1,9,9,18,1,34,9,18,18,3,33,1,4,3,1,3,12,17,34
337,12,10,14,0,12,4,18,4,1,14,12,12,10,12,9,9,0,4,3,10,10,18,18,12,18,14,0,18,0,18,0,0,0,1,34,4,34,0,18,34,34,14,34,0,3,9,0,3,3,9,0,9,9,9,18,18,34,18,3,1,0,34,12,14,3,3,3,14,4,3,12,34,4,14,10,18,0,1,14,1,14,12,18,3,0,14,4,1,12,12,34,28,34,1,1,9,4,4,1,0,14,0,34,0,4,12,4,1,9,34,1,1,4,4,4,4,1,4,34,10,14,10,10,0,12,1,18,18,0,12,3,10,18,1,1,9,9,18,1,34,9,18,14,3,3,34,4,3,34,3,1,1
338,36,9,12,14,9,12,4,1,4,1,14,12,1,12,12,9,1,1,4,3,12,4,18,18,12,18,14,17,18,17,18,18,9,17,1,17,1,18,17,18,12,14,14,12,18,3,9,1,3,3,9,1,12,9,9,18,18,17,1,3,14,1,17,12,14,1,17,3,14,4,1,12,17,4,14,1,1,9,1,14,1,14,12,18,3,17,14,14,1,17,12,12,1,14,1,1,9,14,4,1,4,14,1,3,18,9,12,18,1,17,12,1,9,4,4,4,4,1,4,17,12,14,12,33,17,4,1,18,1,1,1,17,4,18,17,12,9,1,18,1,12,14,18,14,3,33,1,4,3,1,3,1
339,12,42,9,12,14,9,12,4,17,4,4,14,12,0,12,12,9,3,0,12,3,12,12,18,18,12,18,14,0,18,9,18,18,9,12,0,0,4,18,9,18,12,17,14,12,18,3,9,0,3,3,9,0,0,9,9,18,18,17,17,3,17,28,0,3,14,3,3,3,14,4,3,12,17,4,14,17,0,0,9,14,17,14,0,18,3,0,14,14,17,12,0,12,28,17,17,17,9,14,9,17,9,14,0,17,18,9,12,18,17,19,12,17,9,4,4,4,4,0,4,17,10,14,12,10,0,0,17,18,4,0,0,3,0,18,9,12,9,0,18,4,12,14,18,14,0,4,12,12,0,17,3
340,1,12,18,14,12,14,0,12,4,18,4,1,14,12,12,12,12,9,9,17,4,3,12,12,0,18,12,0,14,17,0,0,12,0,0,0,17,17,4,3,0,18,12,14,14,12,0,3,9,17,3,3,12,17,12,9,9,18,0,17,18,3,14,12,17,18,14,9,3,3,14,4,3,12,12,4,14,9,18,0,12,14,1,14,12,18,3,17,14,14,12,12,12,17,28,14,1,1,9,14,4,12,0,14,0,12,0,12,12,4,12,19,12,1,12,4,4,4,4,12,4,12,12,14,12,10,17,12,1,18,18,0,12,3,12,18,12,1,12,9,18,1,12,9,18,18,17,3,12,4,17,1
341,9,0,12,9,9,34,14,0,1,4,17,4,4,14,12,0,12,34,9,9,0,34,3,12,4,18,18,12,18,14,0,18,34,34,18,0,12,0,34,4,3,0,17,34,17,14,12,18,17,9,0,3,3,9,9,12,9,9,14,18,17,17,3,14,12,34,3,14,9,3,3,14,4,17,34,34,4,14,9,0,0,9,14,1,14,0,18,3,0,14,3,9,34,4,34,12,17,1,1,9,14,9,9,12,14,12,34,18,9,34,34,34,19,34,17,9,4,4,4,4,9,4,34,10,14,12,10,0,4,17,18,9,0,0,3,4,3,0,1,9,9,18,1,34,14,18,14,17,19,12,4,0
342,28,34,12,12,1,9,12,9,0,12,4,1,4,17,14,12,12,12,34,9,1,0,12,3,12,34,12,14,34,0,14,0,14,0,34,0,0,0,9,34,4,3,0,17,12,17,14,12,14,28,9,1,3,3,9,1,9,9,9,14,9,17,1,3,9,0,34,3,17,1,3,3,14,4,17,34,34,4,9,1,1,0,9,14,17,9,12,14,3,0,9,3,9,34,12,12,28,9,17,17,9,4,12,9,0,34,12,3,12,9,34,4,17,0,34,17,9,4,4,4,4,9,4,9,14,14,12,14,0,12,17,14,1,0,12,3,14,14,0,17,9,1,14,4,12,9,14,14,9,4,12,12
343,0,34,34,0,12,1,14,34,14,0,1,4,1,4,4,14,12,1,12,34,9,1,0,34,3,12,34,18,18,34,0,14,0,18,0,18,0,0,0,1,34,4,34,0,18,34,31,14,12,18,4,9,1,3,9,9,1,12,3,1,18,18,31,1,3,14,12,34,1,14,3,3,3,14,4,3,9,34,4,14,1,1,0,9,14,1,14,1,18,3,0,14,14,9,9,34,34,12,14,1,1,3,14,9,9,0,34,12,34,18,9,34,4,9,0,34,1,9,4,4,4,4,9,4,9,31,14,12,18,0,34,31,18,1,0,1,3,14,18,0,1,9,1,18,4,34,14,18,14,3,4,12
344,18,12,34,34,12,12,42,17,12,9,0,12,4,18,4,4,17,12,12,12,34,9,1,0,12,3,12,34,10,18,34,0,18,0,10,0,18,0,0,0,1,34,4,3,0,18,12,17,10,12,10,4,9,12,3,3,9,34,12,1,1,18,1,17,18,3,9,0,34,3,17,3,3,3,34,4,17,9,34,4,17,1,18,0,9,34,1,9,12,18,3,0,17,3,9,9,12,12,28,17,1,1,9,17,9,9,0,34,10,9,12,9,34,4,9,0,34,1,9,4,4,4,4,9,4,9,12,17,12,10,0,12,17,10,1,0,12,3,10,18,0,3,9,1,18,4,12,1,18,18,17,4
345,1,18,1,34,34,0,12,1,17,12,14,0,1,4,1,4,4,17,12,1,12,34,34,1,0,34,3,12,4,18,18,34,18,14,0,18,0,9,18,0,0,1,34,4,3,0,18,34,17,14,12,18,4,9,1,3,3,9,1,12,17,1,18,18,17,1,3,9,0,34,3,17,1,3,3,34,4,17,9,9,4,17,1,1,0,9,34,1,9,1,18,3,0,17,3,9,9,4,34,28,17,1,1,9,34,4,9,0,34,0,9,18,9,34,34,9,0,34,1,9,4,4,4,4,9,4,9,12,17,12,14,0,4,17,18,1,0,1,3,14,14,0,34,9,1,18,34,34,34,18,34,17
346,1,0,0,1,34,34,1,12,42,14,12,14,9,1,4,1,4,4,14,12,1,12,34,9,1,1,1,3,12,4,0,17,34,0,14,1,0,9,9,0,9,9,1,1,4,0,9,1,1,14,14,12,0,4,9,1,3,9,9,1,12,9,9,17,0,14,1,3,9,12,17,3,14,3,3,3,34,4,14,9,9,4,14,1,1,0,9,34,0,9,1,0,3,17,14,14,9,9,4,1,3,14,42,1,9,14,9,9,9,34,0,9,0,9,34,1,9,12,34,1,9,4,4,4,4,17,4,9,12,14,12,3,1,4,1,3,1,1,1,3,4,1,3,1,9,1,0,1,1,9,1,17
347,42,14,18,18,1,34,34,1,12,42,14,12,14,0,1,4,17,4,4,14,12,1,12,34,9,1,0,14,3,12,34,18,18,34,17,14,0,18,0,18,18,0,0,1,14,4,18,0,17,14,17,14,12,18,34,9,1,3,9,9,0,12,3,4,18,18,17,17,3,42,0,34,12,14,3,3,3,14,4,3,9,34,4,14,1,1,0,9,14,18,14,1,18,3,0,14,14,9,9,34,14,3,14,18,18,3,14,9,9,0,34,12,3,18,9,34,4,9,12,34,17,9,4,4,4,4,9,4,3,12,14,12,10,0,1,17,18,1,0,1,3,14,14,3,0,9,1,18,4,14,14,18
348,0,0,14,0,0,34,17,34,1,12,42,14,12,14,1,1,4,18,4,17,14,12,1,12,34,9,9,0,12,3,12,4,1,18,34,0,14,0,0,0,18,0,9,0,1,0,0,3,0,17,12,17,14,12,0,17,9,1,3,9,9,0,12,9,9,18,0,17,18,3,1,0,0,12,34,3,3,3,34,4,17,34,34,4,14,1,18,0,9,34,0,14,1,18,3,0,14,14,9,34,1,12,10,14,3,17,9,14,9,9,0,34,12,3,0,9,34,4,17,3,34,17,9,4,4,4,4,18,4,3,12,14,12,10,0,1,17,18,18,1,1,3,14,14,18,0,9,1,18,4,12,9
349,14,12,0,14,17,18,1,34,34,1,12,42,17,12,14,0,1,4,1,4,4,17,12,1,0,34,9,1,0,12,3,12,34,18,18,34,0,14,0,18,0,18,0,0,0,1,34,4,18,0,17,12,17,14,12,18,28,9,1,3,9,9,12,12,17,17,18,18,17,17,3,14,12,34,12,17,3,3,3,14,4,17,9,34,4,14,14,1,0,9,34,12,14,1,18,3,0,12,9,9,9,1,12,12,17,17,17,17,12,9,9,0,34,12,14,18,9,34,4,9,0,34,17,9,4,4,4,4,18,4,14,17,14,12,3,0,1,17,18,1,1,1,3,14,12,3,12,9,1,18,4,12
350,4,3,17,18,12,18,18,34,17,34,34,12,1,14,34,14,0,34,4,0,4,17,14,12,34,12,34,9,1,0,34,3,12,4,18,18,34,18,14,0,18,34,34,18,0,0,4,34,18,3,0,17,34,17,14,17,18,28,14,0,3,3,9,0,12,42,42,9,18,17,17,3,14,0,34,3,34,1,3,3,34,4,17,34,34,4,14,1,0,0,14,34,17,14,34,18,3,0,14,14,14,34,34,34,12,14,42,17,14,14,4,14,0,34,12,3,18,14,34,34,17,12,34,17,14,4,4,4,4,9,4,14,12,14,12,3,0,34,17,18,1,0,34,3,4,34,9,0,9,1,18,17
351,4,3,3,12,18,10,14,18,12,18,12,12,12,1,14,10,14,9,12,4,1,10,4,14,9,12,10,12,9,1,0,10,3,12,12,18,18,12,18,14,0,18,0,18,18,0,0,17,0,4,3,0,18,12,14,14,12,18,4,9,12,3,3,9,0,12,9,9,18,18,14,1,4,9,0,0,1,14,9,3,3,10,4,14,9,9,4,14,10,1,0,9,14,12,9,12,18,3,0,14,3,9,9,12,10,12,14,17,17,9,14,9,9,0,9,12,10,18,9,12,4,9,0,12,17,9,4,4,4,4,9,4,9,10,14,10,3,0,12,10,18,1,0,12,1,10,1,9,0,9,9,18
352,17,17,3,3,17,0,12,0,0,34,17,34,34,12,1,14,9,14,0,34,4,1,4,4,17,9,34,0,34,9,1,0,14,3,0,4,0,9,34,0,14,0,0,0,9,0,0,0,9,9,4,0,0,17,34,17,0,12,0,4,9,0,3,3,9,1,12,9,9,9,0,17,1,3,33,0,9,1,34,3,3,3,34,4,17,34,9,3,14,12,1,0,9,34,12,9,34,0,17,0,14,3,9,9,4,14,12,14,42,9,9,14,9,9,0,34,0,9,0,9,34,9,9,0,34,33,9,4,4,4,4,9,4,9,12,14,12,3,0,34,17,0,1,0,34,1,4,14,9,42,9,9
353,4,14,17,3,3,17,0,9,14,18,1,34,34,0,9,1,14,9,14,0,4,4,1,4,17,14,17,1,0,34,9,1,0,4,3,0,4,18,18,34,18,14,0,18,34,18,18,0,0,17,1,4,18,0,17,4,17,14,17,18,4,9,1,3,3,9,1,9,9,9,9,18,17,1,3,14,0,34,1,14,3,3,3,34,4,17,34,34,4,14,1,1,0,17,34,17,14,1,18,3,0,14,14,17,34,4,1,17,14,17,17,9,4,4,14,0,34,18,18,18,14,34,4,17,0,34,17,14,4,4,4,4,17,4,34,17,14,17,3,0,4,17,18,1,0,1,3,4,4,9,34,9
354,3,34,17,31,3,3,12,0,9,0,0,1,34,34,1,12,1,17,14,14,17,1,4,1,4,4,17,9,1,31,9,34,1,1,14,3,12,4,0,17,12,31,17,17,0,9,17,0,0,12,1,34,4,0,0,31,14,31,0,12,0,4,9,1,3,3,9,1,12,17,34,17,0,31,1,3,33,12,17,3,17,3,3,3,31,4,17,9,9,4,17,12,1,0,9,34,12,9,1,0,3,17,14,9,9,9,4,14,12,17,34,14,17,14,9,9,0,34,0,3,0,9,9,14,9,19,14,34,9,4,4,4,4,17,4,9,31,17,12,3,17,4,31,0,1,1,1,17,4,14,17,14
355,9,12,34,9,17,3,3,17,0,12,0,0,1,34,34,1,12,1,14,19,14,17,1,4,1,4,17,17,9,1,12,9,9,1,17,4,0,12,34,0,17,34,0,14,17,0,34,17,0,0,12,1,34,4,0,0,17,34,17,14,12,0,34,9,1,3,9,9,1,12,3,34,17,0,17,1,3,33,12,17,1,17,3,3,3,34,4,17,9,3,4,14,12,1,0,9,34,12,14,1,0,17,17,14,9,9,9,1,19,12,14,34,17,3,4,9,9,0,34,0,3,0,9,34,4,17,3,34,33,9,4,4,4,4,17,4,3,12,14,12,34,17,1,17,0,1,1,1,3,14,14,17
356,19,17,9,17,14,31,3,31,31,0,12,0,0,34,17,34,34,12,1,14,12,14,9,34,4,1,9,17,14,19,34,9,34,9,1,1,4,0,12,34,0,0,34,31,14,1,0,9,3,0,0,9,1,1,4,0,9,31,34,31,0,31,0,4,14,1,3,9,9,1,12,14,17,4,0,31,1,4,33,1,1,19,14,12,3,3,34,4,17,34,3,4,14,12,1,1,14,3,17,14,34,0,9,1,14,14,14,9,34,19,12,14,17,17,14,4,9,14,9,17,0,3,0,14,34,4,17,3,34,17,14,4,4,4,4,1,4,3,12,14,12,3,1,34,31,0,1,1,34,3,12,19
357,14,12,17,12,17,14,17,3,3,17,0,12,0,0,34,17,34,34,12,1,14,12,14,0,34,4,1,4,17,17,17,34,0,34,14,1,0,4,3,12,34,0,17,34,0,14,0,0,0,17,0,0,0,17,1,4,3,0,17,34,17,0,12,0,34,14,34,3,3,17,1,12,14,17,17,0,17,1,4,33,0,17,1,0,3,3,3,34,4,17,34,3,4,14,12,1,0,14,0,12,14,34,0,17,0,14,14,14,0,34,19,12,14,17,17,14,4,14,14,0,17,0,3,0,14,34,4,17,0,34,17,14,4,4,4,4,17,4,3,17,14,17,3,0,34,17,0,1,0,34,1,12
358,34,14,31,17,12,34,14,31,3,3,31,0,14,0,0,1,34,34,0,12,1,14,14,14,0,12,4,1,4,31,14,17,1,0,34,14,1,0,14,3,0,12,0,0,12,31,14,0,0,0,14,0,0,0,17,1,4,0,0,31,14,31,0,31,0,34,14,1,3,3,12,1,14,14,14,4,17,31,1,4,14,0,17,1,14,3,3,3,34,4,14,34,34,4,14,12,1,0,17,34,12,34,1,0,3,0,14,14,17,0,12,14,31,14,17,17,14,14,12,14,0,34,0,3,0,14,34,4,17,0,12,33,14,4,4,4,4,17,4,3,17,14,17,3,0,34,31,0,1,0,34,14
359,12,1,9,9,31,12,34,33,31,3,3,31,0,9,0,0,1,34,34,1,12,1,14,19,14,31,12,4,1,4,31,31,34,1,31,34,9,1,1,4,3,12,12,0,0,12,31,31,1,0,9,9,0,0,12,1,1,31,0,4,31,14,31,0,3,0,34,9,1,3,3,9,1,9,9,9,31,0,31,1,4,33,12,9,3,33,3,3,3,31,4,33,9,9,4,14,12,1,1,9,34,12,34,1,0,31,31,14,4,9,9,12,14,12,14,9,31,9,14,4,14,4,34,0,3,0,4,34,31,9,19,12,33,9,4,4,4,4,9,4,3,31,31,34,3,1,34,31,0,1,1,34
360,19,9,34,10,31,31,10,34,14,14,3,3,31,0,31,0,0,34,34,34,34,10,1,14,19,14,9,34,4,34,10,4,14,9,34,10,34,9,34,1,10,3,10,10,0,0,34,10,14,1,0,1,1,0,0,1,1,1,4,0,10,31,34,31,0,31,0,34,9,34,3,3,9,1,1,9,9,9,0,31,1,4,33,1,1,4,14,3,3,3,34,4,9,34,34,4,14,10,1,1,9,34,31,14,34,0,3,1,14,14,9,9,34,19,31,14,31,31,9,14,10,14,10,34,0,3,0,14,34,4,31,19,34,9,9,4,4,4,4,1,4,3,31,14,10,34,1,34,31,0,4,1
361,33,12,14,34,12,12,17,12,17,14,31,3,3,31,0,12,14,18,34,34,34,34,12,34,14,14,14,0,34,4,34,4,4,14,17,34,31,34,34,34,0,14,3,12,4,34,18,34,31,14,0,18,0,18,18,0,0,17,34,4,3,0,31,14,31,14,3,18,4,14,34,3,3,9,34,34,14,34,18,18,31,31,4,9,0,17,3,14,3,3,3,34,4,14,34,17,4,14,12,14,0,17,34,12,14,34,18,31,0,14,3,17,0,34,14,12,14,17,17,14,14,4,9,0,34,18,12,18,9,34,14,17,0,34,33,9,4,4,4,4,17,4,14,17,14,17,34,0,34,31,18,34
362,17,9,12,17,34,12,12,17,12,17,9,17,3,3,12,0,12,0,0,34,17,34,34,12,34,17,4,17,0,34,4,34,4,17,17,9,34,0,34,9,34,0,4,0,12,34,0,17,34,43,17,17,0,34,17,0,0,0,17,34,4,0,0,17,34,17,0,12,0,4,9,34,3,3,9,34,12,17,17,17,17,17,17,4,9,0,17,3,17,3,3,3,34,4,17,34,3,4,9,12,17,0,9,34,12,9,34,0,17,17,17,4,9,9,34,17,12,17,17,17,9,4,4,9,0,34,0,3,0,9,34,4,12,0,34,17,9,4,4,4,4,17,4,3,17,17,17,34,0,34,17,0
363,14,4,9,12,14,1,12,12,31,12,34,14,31,3,3,31,0,12,0,0,34,18,34,1,12,1,14,18,14,44,31,4,1,4,4,14,9,1,31,34,3,1,1,14,0,12,4,0,18,34,18,14,1,0,34,18,0,0,1,1,1,4,0,0,31,14,31,14,31,0,4,14,1,3,3,9,1,1,14,3,18,0,31,1,4,14,1,1,9,14,3,3,3,34,4,14,34,34,4,14,12,1,0,9,34,12,14,1,0,3,1,14,14,9,9,4,14,12,14,3,31,14,14,4,9,0,34,18,12,0,9,34,18,12,1,34,1,9,4,4,4,4,1,14,14,9,14,9,3,1,4,31
364,9,31,4,9,1,14,34,12,1,17,17,17,14,31,3,3,31,0,14,14,14,34,9,1,34,12,1,14,18,14,0,34,4,34,4,4,14,9,34,0,9,18,34,0,14,3,12,17,0,18,3,0,14,0,1,0,18,0,0,12,17,1,4,3,0,31,14,31,14,31,0,4,14,34,3,3,18,1,12,14,17,18,17,31,31,4,14,12,1,9,14,3,3,3,14,4,14,34,3,4,14,17,1,0,9,14,17,14,34,18,31,0,14,14,17,9,34,14,12,14,17,17,14,14,4,14,0,1,12,3,18,14,34,4,17,0,34,9,14,4,4,4,4,1,4,3,9,14,9,1,0,34
365,0,14,18,4,9,12,4,34,9,12,31,17,17,14,31,3,3,18,0,12,14,14,34,18,1,34,12,1,14,18,14,0,34,4,34,9,4,14,9,34,31,34,18,34,0,14,0,12,17,18,18,3,18,14,0,18,0,3,0,0,0,17,1,4,3,0,18,14,31,14,18,0,4,9,34,3,9,9,1,9,9,9,18,17,31,34,14,14,0,31,4,14,3,3,3,14,4,14,34,3,4,14,17,34,0,9,14,17,14,34,18,31,0,14,14,9,9,34,14,12,14,17,17,9,14,9,9,0,1,12,3,18,9,34,14,17,0,34,17,9,4,4,4,4,9,9,3,31,14,9,1,0
366,9,1,0,31,4,0,1,4,34,31,1,17,17,17,9,31,3,3,31,0,31,0,0,34,31,1,34,0,1,14,19,14,0,34,4,34,4,4,14,31,34,31,34,9,17,0,14,0,0,17,31,9,3,4,14,1,31,1,9,0,0,0,17,1,4,0,0,31,1,14,0,31,0,4,31,34,3,9,9,1,0,17,17,9,17,31,31,4,14,0,1,31,4,3,3,3,34,4,33,31,3,4,14,17,1,0,9,1,17,14,34,0,31,0,14,14,9,31,34,14,31,14,17,17,9,14,9,9,0,1,0,3,0,9,34,4,1,0,34,33,9,4,4,4,4,9,14,3,31,14,0,1
367,0,1,1,18,31,4,9,17,14,9,12,12,31,17,17,14,31,3,3,31,0,14,14,18,1,18,1,0,12,1,14,3,31,0,17,4,0,9,4,31,9,0,9,9,18,17,0,9,18,12,17,0,18,3,0,31,0,31,1,3,18,0,12,17,1,4,3,0,31,1,31,14,31,18,4,14,0,3,9,9,1,12,14,17,4,17,31,31,4,31,12,31,9,14,3,3,3,1,4,14,9,3,4,14,17,0,0,9,1,17,14,0,18,9,31,31,9,17,9,33,9,31,14,17,17,14,4,9,14,0,1,12,3,31,9,1,4,17,0,1,33,14,4,4,4,4,9,4,3,9,14,9
368,34,1,1,1,0,34,4,9,12,45,34,12,12,17,12,3,14,14,3,3,12,0,12,0,0,1,18,1,34,12,1,14,3,14,0,34,4,18,4,4,14,9,34,9,9,18,1,0,4,0,12,12,0,17,3,4,14,0,18,1,3,0,0,12,17,1,4,0,0,18,1,14,14,12,0,4,1,0,3,9,9,1,12,1,1,17,17,14,18,4,33,12,17,9,14,3,3,3,14,4,14,9,3,4,14,12,18,0,9,1,12,14,34,18,9,17,14,9,17,9,34,9,12,14,1,1,1,14,9,33,0,1,34,3,34,9,9,4,17,0,1,1,9,4,4,4,4,17,4,3,17,14
369,18,31,1,1,1,18,31,4,9,12,14,9,12,12,17,17,17,14,14,3,3,31,0,31,18,18,1,12,1,0,12,1,14,3,14,0,17,4,0,9,1,14,9,0,9,9,14,17,0,4,18,12,12,0,18,3,14,14,0,31,1,3,18,0,12,17,1,4,18,0,31,1,14,18,31,18,4,14,0,3,9,9,1,12,14,17,4,17,14,31,4,31,12,17,9,14,3,3,3,14,4,14,31,3,4,14,17,17,0,9,1,17,14,0,18,9,0,14,4,17,9,9,14,31,14,17,17,14,4,9,14,0,1,12,3,31,14,9,4,17,0,1,17,14,4,4,4,4,17,4,3,9
370,3,31,34,1,1,1,0,31,4,9,12,14,34,12,12,31,17,17,14,31,3,3,31,0,31,0,0,1,12,1,34,12,1,14,3,31,0,34,4,0,9,4,31,9,34,9,9,14,17,0,14,0,12,12,0,31,3,4,31,31,31,1,3,0,0,12,17,1,4,3,0,31,1,31,0,31,0,4,14,0,3,9,9,1,12,14,14,31,17,31,31,4,14,12,31,9,0,3,3,3,31,4,14,31,3,4,14,17,31,0,9,1,17,14,34,0,9,31,31,14,17,9,34,14,31,14,17,17,14,14,9,14,0,1,12,3,34,9,9,4,17,0,1,17,9,4,4,4,4,9,4,3
371,31,4,31,34,1,1,1,4,12,4,9,12,4,34,0,12,31,34,9,9,31,3,3,12,0,12,4,18,1,0,1,34,12,1,9,19,31,0,34,4,34,4,4,31,9,34,0,9,9,34,0,4,3,0,0,18,18,3,43,31,31,18,1,18,18,9,0,34,1,0,3,0,12,1,31,9,12,18,19,9,34,3,3,9,1,0,9,9,31,18,31,34,4,9,0,31,9,4,3,3,3,31,4,4,12,9,4,9,12,34,9,9,1,12,9,34,18,3,0,31,4,9,9,4,4,12,9,18,18,9,4,4,9,0,1,0,3,18,9,9,34,12,34,1,43,9,4,4,4,4,9,4
372,3,31,33,18,34,1,1,1,14,31,14,9,12,14,34,12,12,17,12,17,14,31,3,3,31,0,31,14,14,1,18,1,34,12,1,14,3,12,0,34,4,0,9,1,14,9,34,9,9,18,34,0,4,0,12,12,0,18,3,0,18,0,31,1,3,0,0,12,17,1,4,0,0,31,1,1,14,31,0,28,14,0,3,9,9,1,12,14,17,18,17,17,31,4,33,12,17,9,14,3,3,3,18,4,14,31,3,4,14,12,18,0,9,18,12,14,34,18,9,9,31,4,17,9,34,4,12,14,17,17,28,4,9,33,0,1,34,3,34,9,9,4,17,0,1,17,9,4,4,4,4,9
373,17,31,31,31,31,31,1,1,1,14,31,14,0,17,14,34,0,31,31,17,17,14,31,3,3,31,0,31,14,14,1,9,1,34,1,42,14,18,31,18,34,4,34,4,4,31,9,34,0,9,18,17,0,4,3,0,0,34,18,3,31,31,31,31,1,18,1,14,0,17,1,0,3,0,31,3,31,14,31,14,18,14,34,3,3,18,1,0,14,17,18,17,31,31,4,33,0,1,9,14,3,3,3,31,4,14,31,9,4,14,17,34,14,9,1,17,31,34,18,3,0,31,3,17,9,34,4,31,14,17,17,14,4,4,33,0,1,0,3,31,4,9,4,17,34,1,9,14,4,4,4,4
374,12,12,12,0,12,18,34,1,1,1,14,12,14,9,12,14,34,0,12,18,12,17,14,12,3,3,12,0,12,14,14,1,0,1,34,1,1,14,3,12,18,34,4,18,4,1,14,9,34,0,9,18,17,0,4,0,0,12,34,18,3,43,18,18,17,1,3,0,14,12,17,1,4,14,0,12,1,1,14,12,14,43,14,18,3,9,9,1,0,14,17,18,17,0,18,4,17,0,1,9,14,3,3,3,18,4,14,12,3,4,14,12,18,14,9,18,12,17,34,18,9,0,12,4,17,9,34,4,12,14,17,17,3,4,9,33,0,1,0,3,34,9,9,4,12,0,1,17,9,4,4,4
375,4,12,12,12,0,31,31,34,1,1,1,0,12,4,9,17,4,34,0,12,17,17,17,0,31,3,3,12,0,12,0,0,1,0,1,34,12,42,0,3,31,0,34,4,0,9,4,31,9,34,0,9,18,17,0,9,0,0,0,0,18,3,31,31,31,18,1,3,0,0,42,17,1,4,0,0,12,1,31,0,12,0,18,9,0,3,9,9,1,0,9,9,18,17,0,18,4,9,0,1,9,4,3,3,3,31,4,4,12,3,4,9,17,18,0,9,1,17,31,34,18,9,0,31,9,17,9,34,9,12,0,17,17,9,31,9,33,0,1,0,3,34,9,9,4,17,0,1,9,9,4,4
376,34,42,12,12,12,34,31,31,34,1,1,1,0,12,14,9,12,14,34,9,12,31,17,17,14,31,3,3,12,0,12,0,0,1,9,1,34,12,42,14,3,31,0,34,12,0,9,1,31,9,34,9,9,9,9,0,9,0,12,17,0,31,3,43,31,31,17,1,3,0,0,12,17,1,17,0,0,12,3,31,0,12,0,28,9,0,3,9,9,1,9,9,9,31,17,31,14,3,14,12,31,9,14,3,3,3,31,42,14,12,3,3,14,17,17,0,9,1,12,14,34,0,9,31,31,9,17,9,34,9,12,14,17,17,9,17,9,17,0,1,34,3,34,9,9,17,12,0,1,42,9,42
377,28,34,9,12,12,12,0,12,18,34,1,1,1,0,12,14,9,12,14,34,0,12,18,17,17,0,0,3,3,12,0,12,0,0,1,34,1,34,12,3,0,3,4,18,34,34,18,9,1,14,9,34,0,34,18,34,0,9,0,0,0,0,18,14,1,18,18,17,1,18,0,0,14,17,1,4,0,0,12,1,1,0,12,0,28,9,0,3,9,9,1,0,9,9,18,17,0,18,4,12,0,1,9,14,3,3,3,14,4,14,12,34,3,14,17,18,0,9,34,17,17,34,18,9,0,12,9,17,9,34,9,12,0,17,17,9,4,9,17,0,17,34,3,34,9,34,4,17,0,1,9,9
378,33,14,1,19,12,12,18,4,12,14,4,4,1,1,0,12,14,9,12,14,9,9,12,18,9,9,0,12,3,3,12,0,4,0,0,1,9,1,0,12,4,0,3,0,0,12,12,0,9,1,14,9,0,9,9,9,9,0,9,0,9,9,0,18,3,0,14,0,18,1,18,0,0,0,18,1,0,0,0,12,3,1,0,12,0,28,9,0,3,9,9,4,9,9,9,18,18,9,18,4,12,0,1,9,14,3,3,3,14,4,14,4,3,3,14,4,18,0,9,14,12,14,0,18,9,0,12,3,18,9,9,19,12,0,9,9,28,33,9,33,0,1,0,3,18,9,9,4,1,0,1,0
379,14,14,14,34,9,12,12,12,0,12,18,34,1,1,1,14,12,14,9,17,14,34,0,12,18,17,34,14,0,3,3,12,0,12,14,14,1,34,1,34,1,42,14,28,0,18,34,34,18,9,34,14,9,34,0,34,18,34,0,9,3,0,17,14,18,14,1,18,18,17,1,18,1,14,1,17,1,0,14,14,12,3,1,14,12,14,28,14,18,3,3,9,1,0,14,14,18,17,0,18,14,12,0,1,3,14,3,3,3,14,14,14,12,34,3,34,17,18,14,9,34,17,34,34,18,9,0,12,3,17,9,34,9,12,14,17,17,28,34,9,33,14,34,34,14,34,9,34,42,17,34,1
380,3,3,9,14,34,14,12,12,12,0,12,18,14,9,1,1,14,12,14,9,17,14,34,0,12,18,17,34,0,0,3,3,12,0,12,14,0,1,34,34,0,12,28,14,3,0,18,34,14,18,9,14,14,9,14,0,34,18,9,0,9,0,0,17,0,18,3,0,18,18,12,0,3,0,0,0,17,1,0,3,0,12,3,1,14,12,0,28,9,18,3,9,9,0,0,9,9,18,17,0,18,3,12,0,1,9,14,3,3,3,34,14,14,12,34,3,34,17,18,0,9,34,17,34,34,18,9,0,12,3,17,9,14,9,12,14,17,17,9,34,9,17,0,34,34,3,12,9,34,34,17,0
381,3,1,3,17,14,1,9,12,12,12,0,12,18,0,0,1,1,0,12,14,9,17,14,9,0,12,17,17,17,0,12,3,3,12,0,12,0,0,1,18,1,0,12,42,0,18,18,0,17,9,0,9,1,14,9,9,0,9,18,9,0,9,0,0,17,0,18,14,18,18,18,17,1,18,0,0,17,17,1,0,0,0,12,3,1,0,12,0,18,9,0,3,3,9,1,0,9,9,18,17,17,18,14,12,0,17,3,14,3,3,3,14,14,14,12,17,3,14,17,18,0,9,1,17,14,17,18,9,0,12,3,17,9,9,9,12,0,17,17,9,12,9,33,0,1,0,14,12,9,9,17,17
382,0,18,1,0,17,14,9,4,12,12,12,0,12,18,4,4,1,1,0,12,14,9,12,18,4,0,12,17,3,9,0,0,3,3,12,0,12,0,0,1,9,1,0,12,4,0,18,0,18,3,4,0,4,4,14,9,4,0,9,18,17,0,4,0,0,0,0,18,14,1,14,18,17,1,18,1,0,28,17,1,0,0,0,12,1,1,0,12,0,18,0,0,14,3,18,1,0,14,0,18,17,0,18,14,9,0,17,9,14,3,3,3,14,4,14,12,9,3,9,12,18,0,9,14,12,14,3,18,14,0,12,9,17,9,4,4,12,0,3,17,28,4,4,0,0,1,3,14,4,4,9,3
383,9,0,18,12,0,0,14,9,9,12,12,12,0,12,18,34,1,1,1,14,33,14,9,12,14,34,0,12,18,12,9,0,0,3,3,12,0,12,14,0,1,9,1,34,12,42,0,18,0,18,34,34,0,9,1,14,9,34,0,9,18,17,0,9,0,0,0,0,18,3,1,14,18,17,1,18,0,0,0,17,1,0,0,0,12,1,1,14,12,0,18,0,34,3,3,9,1,0,17,0,18,17,0,18,42,14,0,1,9,14,3,3,3,14,42,14,12,9,3,14,12,18,0,9,9,12,14,34,18,9,0,33,3,17,9,34,9,12,14,17,17,42,14,9,33,0,1,34,3,34,9,9
384,31,9,14,18,1,3,31,14,1,9,12,12,12,34,12,18,34,34,1,1,14,12,14,9,17,14,34,0,12,18,17,9,14,31,3,3,12,0,12,14,14,1,9,1,34,31,18,14,3,31,18,34,34,18,9,1,31,9,34,0,9,18,17,0,9,3,0,0,46,18,3,31,31,18,17,1,18,31,14,0,17,1,31,3,0,12,1,31,14,12,14,28,9,34,3,9,9,1,0,14,9,18,17,31,18,3,9,0,31,9,14,3,3,3,31,31,14,12,9,3,9,17,18,14,9,1,17,31,34,18,9,0,31,3,17,9,34,9,12,14,17,17,28,31,9,31,0,1,0,3,34,9
385,14,28,28,14,18,12,3,17,14,1,14,12,12,12,34,12,18,34,34,1,1,14,14,14,0,42,18,34,0,12,17,42,17,14,14,3,3,12,14,12,14,14,1,0,1,34,42,42,14,18,14,18,34,34,18,0,14,14,0,34,0,0,18,17,0,0,0,0,0,14,18,42,1,18,18,17,1,18,1,14,42,17,1,42,14,14,12,1,1,14,12,14,18,17,18,3,3,18,1,0,17,17,18,17,14,18,42,14,0,17,0,14,18,3,3,14,42,14,12,12,3,14,12,18,14,0,1,12,14,34,18,14,0,14,3,17,0,14,18,12,14,17,17,28,14,0,14,0,1,0,3,34
386,1,12,3,14,0,18,12,0,17,14,1,34,12,12,17,0,12,18,34,1,1,1,0,14,14,9,12,18,34,0,12,17,12,3,0,14,3,3,12,0,12,0,0,1,0,1,0,12,18,0,18,14,18,12,34,18,9,34,14,9,34,0,9,18,17,0,9,0,0,0,0,18,3,1,14,18,17,1,3,0,0,18,17,1,18,0,0,12,1,17,0,12,0,18,17,34,3,9,9,1,0,17,17,18,17,17,18,18,14,0,17,9,14,3,3,3,14,18,14,12,3,0,14,12,18,0,9,1,12,14,18,18,9,0,14,9,17,9,34,9,12,14,17,17,3,14,9,14,0,1,0,3
387,9,14,12,14,14,14,14,9,14,31,14,9,4,12,12,0,0,12,18,4,1,1,1,14,12,14,9,12,14,4,0,12,18,4,9,14,12,12,14,12,0,12,14,14,1,0,1,0,12,31,14,31,31,18,4,4,18,4,4,14,9,4,0,9,18,0,0,4,14,0,0,0,18,14,0,18,18,0,0,18,0,14,14,9,1,31,14,0,12,1,31,14,12,0,31,14,18,14,4,4,1,0,14,14,18,0,31,18,31,9,0,31,9,14,14,0,14,18,31,14,12,9,14,9,4,18,14,9,1,12,9,0,18,4,0,12,14,9,9,4,4,12,14,0,9,14,12,4,9,14,1,0
388,34,12,14,12,28,14,14,0,1,3,17,14,1,34,12,12,18,34,12,18,34,34,1,1,14,12,14,9,12,14,34,9,12,17,9,17,14,12,3,3,12,0,12,14,14,1,18,1,34,12,42,14,3,42,0,34,34,18,9,1,14,9,34,9,9,18,17,0,9,3,9,9,17,18,28,1,18,0,17,1,3,0,14,0,17,1,0,3,0,12,1,1,14,12,0,3,14,0,3,9,9,1,0,14,17,18,17,17,18,3,17,0,17,9,14,3,3,3,18,34,14,18,28,3,28,34,18,0,9,18,12,14,34,18,9,0,12,3,17,9,34,9,12,14,17,17,28,12,9,14,9,1
389,47,0,17,14,12,3,47,14,0,1,14,17,14,1,34,12,12,14,47,12,18,34,47,1,1,14,17,14,9,12,18,34,9,12,18,12,17,14,12,3,14,12,1,14,14,14,1,1,1,0,12,34,14,3,14,18,12,34,18,9,34,14,9,34,9,9,18,47,0,9,9,9,9,17,18,3,1,14,18,17,1,18,1,14,0,17,1,0,14,9,12,3,1,14,12,14,28,14,18,3,9,9,1,0,3,47,18,17,47,18,3,17,0,1,9,14,3,3,3,18,0,34,14,3,28,17,12,18,14,9,3,12,14,12,18,9,0,12,14,17,9,34,34,12,14,17,17,3,12,9,14,9
390,17,17,0,17,14,12,47,47,14,18,17,3,17,14,17,1,12,12,17,0,12,18,34,47,1,1,14,17,14,9,12,18,34,0,12,17,12,17,14,14,3,3,12,0,12,14,14,47,17,17,34,12,42,14,3,14,18,34,34,18,9,17,14,9,34,0,9,18,47,0,9,3,0,0,17,18,0,0,1,0,17,0,18,0,0,0,17,1,0,3,0,12,3,17,14,12,0,1,47,1,3,9,9,0,0,47,47,18,17,17,18,3,17,0,17,9,14,3,3,3,14,0,14,1,17,3,9,12,18,0,9,18,12,14,34,18,9,0,14,3,17,9,34,9,12,14,17,17,47,14,9,14
391,14,17,18,12,14,14,12,14,14,14,18,12,14,17,14,1,34,3,12,18,34,12,18,34,34,1,1,14,14,14,9,12,18,34,9,12,18,12,17,14,14,3,14,12,1,12,14,14,1,1,1,34,12,34,14,3,14,18,34,34,18,9,34,14,9,34,9,9,18,34,9,9,9,9,14,17,18,14,1,14,18,18,1,18,1,14,12,18,1,34,14,9,12,1,1,14,12,14,1,14,18,14,9,9,1,12,14,17,18,18,17,18,3,14,34,1,9,14,3,3,3,14,34,14,18,3,14,14,12,18,14,9,14,12,14,34,18,9,9,14,14,18,9,34,34,12,14,17,17,3,14,9
392,14,12,3,18,0,12,14,12,3,14,14,0,12,14,17,14,1,34,12,12,18,12,12,18,34,17,1,1,14,12,14,9,12,14,34,9,12,17,12,17,14,12,3,14,12,1,12,14,14,1,1,1,0,12,34,14,3,12,0,12,34,18,9,34,18,9,34,9,9,18,17,0,9,9,9,12,17,18,3,1,18,0,17,1,3,1,14,0,17,1,0,14,0,12,1,1,14,12,14,1,14,18,3,9,9,1,0,17,17,18,17,12,18,3,17,0,1,9,14,3,3,3,18,0,34,18,3,9,14,12,18,0,9,18,12,14,12,18,9,0,12,14,17,9,34,34,12,14,17,17,3,12
393,17,12,12,3,17,0,14,14,12,3,14,14,3,9,14,17,14,1,4,12,12,17,0,12,18,4,4,1,1,14,9,14,0,12,14,4,0,12,17,0,9,14,14,3,14,12,1,12,14,14,1,1,1,18,12,42,14,3,0,18,4,4,18,4,4,18,9,4,0,9,18,17,0,4,14,0,0,17,18,3,1,18,18,17,1,3,1,14,0,17,1,0,14,0,12,1,1,14,12,14,1,14,18,3,0,4,1,0,17,17,18,17,14,14,3,9,0,1,9,14,3,3,3,18,0,14,12,9,14,9,4,18,14,9,18,12,9,4,18,4,0,14,14,9,0,4,4,12,14,17,17,3
394,17,14,12,12,3,18,0,12,14,12,3,14,14,3,12,14,17,14,1,34,12,12,18,12,12,18,34,34,1,1,14,12,14,9,12,14,34,9,12,17,12,17,14,12,3,14,12,0,12,14,14,1,18,1,34,12,34,14,3,12,0,34,34,18,9,34,14,9,34,9,9,18,17,0,9,9,9,12,17,18,3,1,18,0,17,1,3,1,14,0,17,1,0,17,0,12,1,1,14,12,14,28,17,34,3,9,9,1,0,17,17,18,17,12,18,3,17,0,17,9,14,3,3,3,18,34,14,12,3,18,14,12,18,0,9,18,12,14,34,18,9,0,12,14,17,9,34,34,12,14,17,17
395,9,42,14,18,18,17,42,0,31,14,12,34,34,14,3,12,14,17,14,1,19,3,12,18,0,12,18,34,34,1,1,14,31,14,9,12,42,34,9,12,42,12,17,14,31,3,14,12,0,12,14,14,1,1,1,34,12,42,14,3,31,0,34,12,18,9,12,14,9,34,9,9,18,34,0,9,9,9,42,17,18,3,19,18,31,18,1,3,1,14,0,17,1,0,14,0,12,1,1,14,12,14,19,14,19,3,9,9,1,0,14,17,18,18,17,18,3,17,0,1,9,14,3,3,3,18,0,14,12,3,42,17,34,18,0,9,18,12,31,19,18,9,0,31,14,17,9,34,19,12,14,42
396,31,17,0,14,12,12,3,19,0,17,14,12,0,47,14,3,12,47,47,14,1,19,12,12,47,31,12,18,34,47,1,1,14,17,14,9,12,0,34,9,12,18,12,3,14,31,3,14,12,0,12,14,14,1,1,1,34,12,19,14,3,31,0,34,34,18,9,34,18,9,34,9,9,18,47,9,9,9,9,19,17,18,3,1,18,18,17,1,3,1,14,0,17,1,47,47,9,12,1,1,14,12,14,19,47,19,3,9,9,1,47,47,47,18,17,31,18,3,17,34,1,9,14,3,3,3,18,0,34,12,3,19,17,12,18,14,9,18,12,14,19,18,9,0,31,14,17,9,34,19,12,14
397,34,18,31,0,14,12,12,46,31,0,12,47,14,34,47,47,3,9,47,47,14,1,0,12,12,18,31,14,18,31,47,1,1,14,12,14,0,12,9,34,0,12,0,0,9,47,12,12,12,12,0,31,47,47,1,18,1,18,12,0,47,3,18,0,12,14,18,0,14,18,9,14,0,9,18,47,0,12,0,0,0,46,18,3,0,18,18,31,1,3,1,47,0,34,1,0,47,0,31,1,0,47,12,18,18,47,0,3,0,0,1,0,47,47,18,34,14,31,3,12,0,0,9,14,3,3,3,18,0,14,31,9,31,9,34,18,46,9,1,14,9,12,18,14,0,12,9,9,0,14,0,31
398,18,1,18,12,19,14,12,12,17,19,19,31,14,12,34,34,14,3,12,3,17,14,1,19,31,12,12,31,1,18,34,34,1,1,14,31,14,9,12,14,34,9,12,18,12,17,14,31,3,31,12,18,12,14,14,1,18,1,34,12,19,14,3,18,18,34,34,17,9,1,14,9,34,9,9,17,34,9,9,9,9,19,17,18,3,18,18,18,17,1,3,18,14,0,17,1,0,17,9,12,1,1,14,12,18,19,17,19,3,9,9,18,17,14,17,18,17,17,18,3,17,0,1,9,14,3,3,3,14,19,14,12,1,19,17,34,18,18,9,14,12,14,18,18,9,18,31,3,17,9,34,19
399,18,0,1,3,12,18,14,12,18,3,12,0,14,47,0,18,47,47,3,12,47,0,14,1,0,12,12,18,12,0,31,34,34,1,1,14,14,14,9,12,14,34,9,12,0,9,3,47,14,3,14,12,0,12,47,47,1,12,1,18,12,18,47,3,31,0,34,34,18,9,34,31,9,34,9,9,18,18,9,9,9,9,9,47,18,3,31,31,31,12,1,3,1,47,0,18,1,0,47,9,12,1,0,47,12,47,18,47,0,3,9,9,1,0,47,47,0,18,0,12,3,14,0,0,9,14,3,3,3,31,0,34,12,3,28,14,34,18,47,9,1,0,14,31,18,9,0,31,31,14,9,34
